DATA,1001,1002,1003,1004,1005,1010,1011,1012,1013,1020,1021,1022,1023,1030,1032,1034,1036,1040,1041,1042,1060,1062,1063,1064,1065,1066,1070,1072,1074,1080,1090
2025-12-05 15:57:14,120,62,643,1609,1599,65530,65535,65534,19,0,0,0,65508,0,0,0,0,21,1,0,227,227,9997,9997,0,0,1,0,0,35,24
2025-12-05 15:57:27,120,62,620,1608,1598,65532,65533,65534,16,0,0,0,65508,0,0,0,0,21,1,0,227,227,9997,9997,0,0,1,0,0,35,24
2025-12-05 15:57:37,120,62,636,1608,1598,65530,65533,65534,17,0,0,0,65508,0,0,0,0,21,1,0,227,227,9997,9997,0,0,1,0,0,35,24
2025-12-05 15:57:48,120,62,619,1608,1598,65532,65533,65534,17,0,0,0,65508,0,0,0,0,21,1,0,226,227,9997,9997,0,0,1,0,0,35,25
2025-12-05 15:58:00,120,63,622,1608,1599,65531,65533,65534,17,0,0,0,65507,0,0,0,0,21,1,0,227,227,9997,9997,0,0,1,0,0,35,25
2025-12-05 15:58:11,120,61,625,1608,1598,65531,65533,65534,18,0,0,0,65508,0,0,0,0,21,1,0,227,227,9997,9997,0,0,1,0,0,35,24
2025-12-05 15:58:23,120,61,521,1609,1598,65531,65534,65534,19,0,0,0,65508,0,0,0,0,21,1,0,226,227,9997,9997,0,0,1,0,0,35,24
2025-12-05 15:58:34,120,62,622,1609,1599,65532,0,65535,18,0,0,0,65508,0,0,0,0,21,1,0,227,227,9997,9997,0,0,1,0,0,35,23
2025-12-05 15:58:45,120,62,654,1608,1599,65530,65533,65534,19,0,0,0,65507,0,0,0,0,21,1,0,226,227,9997,9997,0,0,1,0,0,35,25
2025-12-05 15:58:56,120,61,626,1608,1598,65531,65533,65534,19,0,0,0,65508,0,0,0,0,21,1,0,226,227,9997,9997,0,0,1,0,0,35,26
2025-12-05 15:59:07,120,61,620,1608,1598,65530,65534,65534,16,0,0,0,65508,0,0,0,0,21,1,0,226,225,9997,9997,0,0,1,0,0,35,25
2025-12-05 15:59:19,120,62,622,1608,1598,65533,65533,65535,19,0,0,0,65508,0,0,0,0,21,1,0,227,227,9997,9997,0,0,1,0,0,35,25
2025-12-05 15:59:30,120,62,634,1608,1599,65534,65533,65534,19,0,0,0,65508,0,0,0,0,21,1,0,226,225,9997,9997,0,0,1,0,0,35,24
2025-12-05 15:59:42,120,62,618,1608,1598,65531,65533,65534,17,0,0,0,65508,0,0,0,0,21,1,0,226,227,9997,9997,0,0,1,0,0,35,24
2025-12-05 15:59:54,120,62,632,1608,1598,65530,65534,65534,17,0,0,0,65508,0,0,0,0,21,1,0,226,225,9997,9997,0,0,1,0,0,35,24
2025-12-05 16:00:04,119,62,620,1607,1598,65530,65533,65534,17,0,0,0,65508,0,0,0,0,21,1,0,226,227,9997,9997,0,0,1,0,0,35,24
2025-12-05 16:00:15,120,63,621,1608,1598,65531,65533,65534,17,0,0,0,65508,0,0,0,0,21,1,0,226,225,9997,9997,0,0,1,0,0,35,25
2025-12-05 16:00:26,120,62,575,1609,1598,65532,65533,65535,18,0,0,0,65508,0,0,0,0,21,1,0,226,227,9997,9997,0,0,1,0,0,35,24
2025-12-05 16:00:37,121,62,622,1607,1598,65532,65535,65534,19,0,0,0,65508,0,0,0,0,21,1,0,226,227,9997,9997,0,0,1,0,0,35,24
2025-12-05 16:00:48,120,62,560,1608,1598,65534,65533,65534,19,0,0,0,65508,0,0,0,0,21,1,0,227,227,9997,9997,0,0,1,0,0,35,24
2025-12-05 16:00:59,120,62,622,1608,1598,65531,65534,65534,20,0,0,0,65509,0,0,0,0,21,1,0,226,227,9997,9997,0,0,1,0,0,35,24
2025-12-05 16:01:10,120,62,609,1609,1598,65531,65533,65534,16,0,0,0,65508,0,0,0,0,21,1,0,226,225,9997,9997,0,0,1,0,0,35,23
2025-12-05 16:01:21,121,62,631,1610,1598,65532,65533,65535,20,0,0,0,65508,0,0,0,0,21,1,0,226,227,9997,9997,0,0,1,0,0,35,24
2025-12-05 16:01:33,119,62,618,1608,1598,65531,65535,65535,17,0,0,0,65509,0,0,0,0,21,1,0,226,225,9997,9997,0,0,1,0,0,35,24
2025-12-05 16:01:44,120,62,622,1608,1598,65533,65533,65534,15,0,0,0,65509,0,0,0,0,21,1,0,225,227,9997,9997,0,0,1,0,0,35,24
2025-12-05 16:01:55,120,62,518,1608,1598,65531,65535,65534,18,0,0,0,65508,0,0,0,0,21,1,0,225,227,9997,9997,0,0,1,0,0,35,24
2025-12-05 16:02:07,120,62,621,1608,1598,65530,65533,65534,17,0,0,0,65508,0,0,0,0,21,1,0,226,225,9997,9997,0,0,1,0,0,35,24
2025-12-05 16:02:18,120,61,624,1608,1598,65533,65534,65534,19,0,0,0,65508,0,0,0,0,21,1,0,226,225,9997,9997,0,0,1,0,0,35,24
2025-12-05 16:02:29,120,62,626,1608,1598,65534,65535,65534,17,0,0,0,65509,0,0,0,0,21,1,0,226,227,9997,9997,0,0,1,0,0,35,23
2025-12-05 16:03:24,120,62,622,1609,1598,65534,65535,65534,17,0,0,0,65509,0,0,0,0,21,1,0,226,227,9997,9997,0,0,1,0,0,35,23
2025-12-05 16:06:06,120,62,622,1609,1598,65534,65535,65534,17,0,0,0,65509,0,0,0,0,21,1,0,226,227,9997,9997,0,0,1,0,0,35,23
2025-12-05 16:09:01,120,62,622,1609,1598,65534,65535,65534,17,0,0,0,65509,0,0,0,0,21,1,0,226,227,9997,9997,0,0,1,0,0,35,23
2025-12-05 16:11:53,120,62,622,1609,1598,65534,65535,65534,17,0,0,0,65509,0,0,0,0,21,1,0,226,227,9997,9997,0,0,1,0,0,35,23
2025-12-05 16:14:37,120,62,622,1609,1598,65534,65535,65534,17,0,0,0,65509,0,0,0,0,21,1,0,226,227,9997,9997,0,0,1,0,0,35,24
2025-12-05 16:14:55,120,62,614,1608,1598,65532,65533,65535,17,0,0,0,65508,0,0,0,0,21,1,0,223,224,9997,9997,0,0,1,0,0,35,23
2025-12-05 16:15:06,120,62,562,1608,1597,65533,65533,65534,16,0,0,0,65508,0,0,0,0,21,1,0,222,224,9997,9997,0,0,1,0,0,35,25
2025-12-05 16:15:17,120,62,630,1608,1597,65531,65533,65534,19,0,0,0,65508,0,0,0,0,21,1,0,222,224,9997,9997,0,0,1,0,0,35,25
2025-12-05 16:15:27,120,62,649,1608,1598,65532,65533,65534,17,0,0,0,65508,0,0,0,0,21,1,0,222,224,9997,9997,0,0,1,0,0,35,24
2025-12-05 16:15:39,120,62,665,1608,1598,65533,65533,65534,20,0,0,0,65508,0,0,0,0,21,1,0,222,224,9997,9997,0,0,1,0,0,35,23
2025-12-05 16:15:51,120,62,645,1608,1598,65531,0,65534,19,0,0,0,65508,0,0,0,0,21,1,0,222,222,9997,9997,0,0,1,0,0,35,24
2025-12-05 16:16:02,120,62,663,1608,1598,65530,65533,65534,17,0,0,0,65508,0,0,0,0,21,1,0,222,224,9997,9997,0,0,1,0,0,35,25
2025-12-05 16:16:13,121,62,615,1608,1597,65532,65533,65534,16,0,0,0,65508,0,0,0,0,21,1,0,222,224,9997,9997,0,0,1,0,0,35,23
2025-12-05 16:16:25,120,62,630,1609,1598,65530,65533,65534,17,0,0,0,65509,0,0,0,0,21,1,0,222,224,9997,9997,0,0,1,0,0,35,23
2025-12-05 16:16:37,119,62,568,1609,1597,65532,65533,65535,17,0,0,0,65508,0,0,0,0,21,1,0,222,224,9997,9997,0,0,1,0,0,35,23
2025-12-05 16:16:48,120,62,635,1608,1597,65533,65533,65534,19,0,0,0,65508,0,0,0,0,21,1,0,222,224,9997,9997,0,0,1,0,0,35,23
2025-12-05 16:17:00,120,62,586,1608,1597,65532,65533,65535,19,0,0,0,65508,0,0,0,0,21,1,0,222,224,9997,9997,0,0,1,0,0,35,24
2025-12-05 16:17:11,120,62,397,1608,1597,65530,65533,65534,21,0,0,0,65508,0,0,0,0,21,1,0,221,224,9997,9997,0,0,1,0,0,35,26
2025-12-05 16:17:22,120,62,636,1609,1597,65532,65533,65533,20,0,0,0,65508,0,0,0,0,21,1,0,222,224,9997,9997,0,0,1,0,0,35,24
2025-12-05 16:17:34,120,62,620,1608,1598,65531,65533,65534,19,0,0,0,65509,0,0,0,0,21,1,0,222,224,9997,9997,0,0,1,0,0,35,25
2025-12-05 16:17:45,119,62,599,1608,1598,65531,65534,65534,19,0,0,0,65508,0,0,0,0,21,1,0,221,224,9997,9997,0,0,1,0,0,35,24
2025-12-05 16:17:55,120,61,631,1607,1597,65530,65533,65534,19,0,0,0,65508,0,0,0,0,21,1,0,221,224,9997,9997,0,0,1,0,0,35,25
2025-12-05 16:18:06,121,62,634,1608,1597,65532,65533,65534,17,0,0,0,65508,0,0,0,0,21,1,0,222,222,9997,9997,0,0,1,0,0,35,25
2025-12-05 16:18:17,119,62,599,1608,1597,65532,65533,65534,16,0,0,0,65508,0,0,0,0,21,1,0,222,222,9997,9997,0,0,1,0,0,35,24
2025-12-05 16:18:29,120,62,643,1608,1598,65532,65534,65534,17,0,0,0,65508,0,0,0,0,21,1,0,222,224,9997,9997,0,0,1,0,0,35,24
2025-12-05 16:18:40,120,63,619,1608,1598,65530,65532,65534,17,0,0,0,65507,0,0,0,0,21,1,0,222,224,9997,9997,0,0,1,0,0,35,24
2025-12-05 16:18:51,120,63,632,1608,1598,65533,65533,65534,19,0,0,0,65508,0,0,0,0,21,1,0,222,224,9997,9997,0,0,1,0,0,35,23
2025-12-05 16:19:02,120,62,624,1608,1597,65533,65533,65534,19,0,0,0,65508,0,0,0,0,21,1,0,222,224,9997,9997,0,0,1,0,0,35,25
2025-12-05 16:19:13,120,62,633,1608,1598,65531,65533,65533,19,0,0,0,65508,0,0,0,0,21,1,0,221,222,9997,9997,0,0,1,0,0,35,25
2025-12-05 16:19:24,120,62,659,1607,1597,65533,0,65533,18,0,0,0,65508,0,0,0,0,21,1,0,221,222,9997,9997,0,0,1,0,0,35,24
2025-12-05 16:19:35,120,61,607,1608,1597,65532,65533,65535,20,0,0,0,65508,0,0,0,0,21,1,0,221,222,9997,9997,0,0,1,0,0,35,24
2025-12-05 16:19:46,120,62,637,1610,1598,65533,65533,65535,19,0,0,0,65508,0,0,0,0,21,1,0,221,222,9997,9997,0,0,1,0,0,35,24
2025-12-05 16:19:57,120,62,643,1608,1597,65531,65534,65535,21,0,0,0,65507,0,0,0,0,21,1,0,221,224,9997,9997,0,0,1,0,0,35,23
2025-12-05 16:20:08,120,62,576,1608,1598,65532,65533,65535,18,0,0,0,65508,0,0,0,0,21,1,0,221,222,9997,9997,0,0,1,0,0,35,25
2025-12-05 16:20:20,120,62,632,1608,1597,65533,65533,65533,19,0,0,0,65508,0,0,0,0,21,1,0,221,222,9997,9997,0,0,1,0,0,35,24
2025-12-05 16:20:32,120,61,599,1608,1598,65531,65533,65535,17,0,0,0,65508,0,0,0,0,21,1,0,221,222,9997,9997,0,0,1,0,0,35,23
2025-12-05 16:20:43,120,61,335,1608,1597,65532,65533,65534,19,0,0,0,65508,0,0,0,0,21,1,0,221,224,9997,9997,0,0,1,0,0,35,23
2025-12-05 16:20:55,121,61,669,1608,1597,65532,65533,65534,17,0,0,0,65507,0,0,0,0,21,1,0,221,222,9997,9997,0,0,1,0,0,35,25
2025-12-05 16:21:05,120,62,597,1608,1597,65530,0,65534,17,0,0,0,65508,0,0,0,0,21,1,0,220,222,9997,9997,0,0,1,0,0,35,24
2025-12-05 16:21:16,119,62,618,1608,1598,65530,65533,65534,20,0,0,0,65508,0,0,0,0,21,1,0,221,222,9997,9997,0,0,1,0,0,35,23
2025-12-05 16:21:27,120,61,622,1607,1597,65533,65533,65534,18,0,0,0,65507,0,0,0,0,21,1,0,221,222,9997,9997,0,0,1,0,0,35,24
2025-12-05 16:21:38,120,62,652,1608,1598,65530,65533,65535,19,0,0,0,65508,0,0,0,0,21,1,0,221,222,9997,9997,0,0,1,0,0,35,24
2025-12-05 16:21:48,120,62,586,1608,1598,65532,0,65534,18,0,0,0,65508,0,0,0,0,21,1,0,221,222,9997,9997,0,0,1,0,0,35,25
2025-12-05 16:22:00,119,62,629,1608,1597,65531,65533,65534,16,0,0,0,65508,0,0,0,0,21,1,0,221,222,9997,9997,0,0,1,0,0,35,23
2025-12-05 16:22:12,120,62,732,1608,1598,65530,65534,65534,18,0,0,0,65508,0,0,0,0,21,1,0,221,222,9997,9997,0,0,1,0,0,35,24
2025-12-05 16:22:23,120,62,622,1608,1598,65533,65533,65534,18,0,0,0,65508,0,0,0,0,21,1,0,220,222,9997,9997,0,0,1,0,0,35,23
2025-12-05 16:22:34,120,62,592,1608,1597,65530,65533,65534,19,0,0,0,65508,0,0,0,0,21,1,0,221,222,9997,9997,0,0,1,0,0,35,25
2025-12-05 16:22:46,120,63,515,1608,1597,65532,65535,65535,16,0,0,0,65508,0,0,0,0,21,1,0,221,220,9997,9997,0,0,1,0,0,35,24
2025-12-05 16:22:57,120,63,655,1609,1597,65530,65533,65535,17,0,0,0,65508,0,0,0,0,21,1,0,220,222,9997,9997,0,0,1,0,0,35,25
2025-12-05 16:23:08,120,61,545,1608,1598,65530,65534,65534,18,0,0,0,65509,0,0,0,0,21,1,0,221,222,9997,9997,0,0,1,0,0,35,24
2025-12-05 16:23:20,120,61,414,1607,1597,65531,65533,65534,19,0,0,0,65508,0,0,0,0,21,1,0,220,222,9997,9997,0,0,1,0,0,35,23
2025-12-05 16:23:31,120,62,631,1608,1598,65530,65533,65535,16,0,0,0,65507,0,0,0,0,21,1,0,221,222,9997,9997,0,0,1,0,0,35,24
2025-12-05 16:23:43,120,62,644,1608,1598,65532,65533,65534,17,0,0,0,65508,0,0,0,0,21,1,0,221,220,9997,9997,0,0,1,0,0,35,25
2025-12-05 16:23:54,120,62,656,1608,1597,65532,65533,65534,17,0,0,0,65508,0,0,0,0,21,1,0,221,220,9997,9997,0,0,1,0,0,35,24
2025-12-05 16:24:05,120,62,612,1607,1597,65532,65533,0,17,0,0,0,65508,0,0,0,0,21,1,0,221,222,9997,9997,0,0,1,0,0,35,23
2025-12-05 16:24:16,119,63,655,1608,1597,65530,65534,65534,20,0,0,0,65508,0,0,0,0,21,1,0,220,222,9997,9997,0,0,1,0,0,35,24
2025-12-05 16:24:27,120,62,653,1608,1597,65532,65533,65535,16,0,0,0,65508,0,0,0,0,21,1,0,221,222,9997,9997,0,0,1,0,0,35,24
2025-12-05 16:24:38,120,62,655,1608,1597,65530,65534,65534,19,0,0,0,65509,0,0,0,0,21,1,0,220,222,9997,9997,0,0,1,0,0,35,24
2025-12-05 16:24:49,120,62,608,1608,1597,65533,65533,65534,17,0,0,0,65507,0,0,0,0,21,1,0,220,220,9997,9997,0,0,1,0,0,35,23
2025-12-05 16:25:00,120,62,654,1609,1597,65530,65534,65534,18,0,0,0,65508,0,0,0,0,21,1,0,220,222,9997,9997,0,0,1,0,0,35,24
2025-12-05 16:25:11,120,62,627,1608,1597,65530,65533,65534,19,0,0,0,65508,0,0,0,0,21,1,0,220,222,9997,9997,0,0,1,0,0,35,25
2025-12-05 16:25:22,120,62,637,1608,1596,65532,65534,65534,18,0,0,0,65508,0,0,0,0,21,1,0,220,222,9997,9997,0,0,1,0,0,35,23
2025-12-05 16:25:33,120,62,632,1608,1598,65530,65535,65535,19,0,0,0,65508,0,0,0,0,21,1,0,220,222,9997,9997,0,0,1,0,0,35,23
2025-12-05 16:25:48,120,62,629,1607,1597,65530,65533,65535,19,0,0,0,65508,0,0,0,0,21,1,0,220,222,9997,9997,0,0,1,0,0,35,0
2025-12-05 16:26:00,120,62,621,1609,1597,65529,65533,65535,17,0,0,0,65508,0,0,0,0,21,1,0,219,222,9997,9997,0,0,1,0,0,35,5000
2025-12-05 16:26:11,120,63,624,1608,1597,65532,65533,65535,19,0,0,0,65509,0,0,0,0,21,1,0,220,220,9997,9997,0,0,1,0,0,35,5000
2025-12-05 16:26:22,120,62,643,1609,1598,65533,65533,65535,16,0,0,0,65508,0,0,0,0,21,1,0,220,222,9997,9997,0,0,1,0,0,35,5500
2025-12-05 16:26:33,120,62,626,1609,1597,65529,65533,65535,18,0,0,0,65508,0,0,0,0,21,1,0,220,222,9997,9997,0,0,1,0,0,35,5500
2025-12-05 16:26:44,121,63,667,1608,1598,65530,65534,65535,16,0,0,0,65508,0,0,0,0,21,1,0,220,220,9997,9997,0,0,1,0,0,35,5500
2025-12-05 16:26:56,120,63,623,1609,1598,65530,65533,65535,19,0,0,0,65508,0,0,0,0,21,1,0,220,222,9997,9997,0,0,1,0,0,35,5500
2025-12-05 16:27:08,120,63,622,1608,1598,65530,65533,65535,20,0,0,0,65508,0,0,0,0,21,1,0,220,222,9997,9997,0,0,1,0,0,35,5500
2025-12-05 16:27:21,120,63,622,1608,1597,65530,0,65535,19,0,0,0,65508,0,0,0,0,21,1,0,220,220,9997,9997,0,0,1,0,0,35,5500
2025-12-05 16:27:38,120,62,485,1608,1597,65530,65533,65535,17,0,0,0,65508,0,0,0,0,21,1,0,219,220,9997,9997,0,0,1,0,0,35,0
2025-12-05 16:27:49,120,63,622,1608,1598,65530,65534,65535,19,0,0,0,65508,0,0,0,0,21,1,0,219,222,9997,9997,0,0,1,0,0,35,0
2025-12-05 16:28:01,120,63,622,1608,1598,65531,65533,65534,20,0,0,0,65508,0,0,0,0,21,1,0,219,222,9997,9997,0,0,1,0,0,35,0
2025-12-05 16:28:12,120,62,555,1608,1597,65532,65533,65534,19,0,0,0,65508,0,0,0,0,21,1,0,219,222,9997,9997,0,0,1,0,0,35,0
2025-12-05 16:28:24,119,63,693,1608,1598,65534,65533,65535,19,0,0,0,65508,0,0,0,0,21,1,0,219,220,9997,9997,0,0,1,0,0,35,5500
2025-12-05 16:28:36,120,63,603,1608,1598,65530,65533,65535,19,0,0,0,65508,0,0,0,0,21,1,0,219,222,9997,9997,0,0,1,0,0,35,5500
2025-12-05 16:28:48,120,62,647,1607,1597,65530,65533,65535,19,0,0,0,65507,0,0,0,0,21,1,0,219,222,9997,9997,0,0,1,0,0,35,5500
2025-12-05 16:28:58,119,63,626,1611,1597,65529,65533,65534,20,0,0,0,65508,0,0,0,0,21,1,0,219,220,9997,9997,0,0,1,0,0,35,5500
2025-12-05 16:29:09,120,63,635,1609,1597,65530,65533,65535,16,0,0,0,65508,0,0,0,0,21,1,0,219,220,9997,9997,0,0,1,0,0,35,5500
2025-12-05 16:29:27,121,62,622,1608,1598,65531,65533,65534,15,0,0,0,65508,0,0,0,0,21,1,0,220,220,9997,9997,0,0,0,0,0,35,24
2025-12-05 16:29:38,120,63,600,1608,1597,65530,65533,65535,16,0,0,0,65508,0,0,0,0,21,1,0,220,220,9997,9997,0,0,0,0,0,35,5500
2025-12-05 16:29:49,120,63,668,1608,1597,65530,65533,65535,16,0,0,0,65508,0,0,0,0,21,1,0,219,220,9997,9997,0,0,0,0,0,35,5500
2025-12-05 16:30:00,121,63,622,1609,1597,65531,65533,65534,18,0,0,0,65508,0,0,0,0,21,1,0,219,220,9997,9997,0,0,0,0,0,35,5500
2025-12-05 16:30:12,121,63,610,1609,1597,65530,0,65535,19,0,0,0,65508,0,0,0,0,21,1,0,219,220,9997,9997,0,0,0,0,0,35,5500
2025-12-05 16:30:22,121,62,592,1608,1598,65532,65533,65535,19,0,0,0,65508,0,0,0,0,21,1,0,219,220,9997,9997,0,0,0,0,0,35,5500
2025-12-05 16:30:39,120,63,622,1607,1597,65530,65533,65535,19,0,0,0,65508,0,0,0,0,210,1,0,219,218,9997,9997,0,0,0,0,0,35,0
2025-12-05 16:30:51,120,62,621,1608,1597,65531,65534,65535,17,0,0,0,65508,0,0,0,0,210,1,0,219,220,9997,9997,0,0,0,0,0,35,0
2025-12-05 16:31:01,120,62,630,1607,1597,65533,65533,65534,19,0,0,0,65508,0,0,0,0,210,1,0,219,220,9997,9997,0,0,0,0,0,35,0
2025-12-05 16:31:13,120,62,621,1607,1597,65532,65533,65534,19,0,0,0,65508,0,0,0,0,210,1,0,219,220,9997,9997,0,0,0,0,0,35,0
2025-12-05 16:31:24,120,62,553,1609,1597,65533,65533,65535,18,0,0,0,65508,0,0,0,0,210,1,0,219,220,9997,9997,0,0,0,0,0,35,0
2025-12-05 16:31:35,120,62,623,1609,1597,65530,65533,65534,17,0,0,0,65508,0,0,0,0,210,1,0,219,220,9997,9997,0,0,0,0,0,35,9000
2025-12-05 16:31:46,119,63,642,1608,1597,65531,65534,65534,19,0,0,0,65508,0,0,0,0,210,1,0,219,220,9997,9997,0,0,0,0,0,35,9000
2025-12-05 16:31:58,120,62,643,1607,1597,65532,65533,65535,19,0,0,0,65508,0,0,0,0,210,1,0,219,220,9997,9997,0,0,0,0,0,35,9000
2025-12-05 16:32:09,120,62,636,1607,1597,65532,65533,65534,17,0,0,0,65508,0,0,0,0,210,1,0,219,220,9997,9997,0,0,0,0,0,35,9000
2025-12-05 16:32:20,120,62,621,1609,1596,65530,65533,65535,19,0,0,0,65508,0,0,0,0,210,1,0,218,220,9997,9997,0,0,0,0,0,35,9000
2025-12-05 16:32:31,119,62,634,1607,1597,65532,65534,65535,19,0,0,0,65508,0,0,0,0,210,1,0,218,220,9997,9997,0,0,0,0,0,35,9000
2025-12-05 16:32:43,120,62,655,1608,1596,65531,65535,65535,20,0,0,0,65508,0,0,0,0,210,1,0,218,220,9997,9997,0,0,0,0,0,35,9000
2025-12-05 16:32:54,120,61,626,1608,1597,65530,65533,65535,20,0,0,0,65508,0,0,0,0,210,1,0,218,220,9997,9997,0,0,0,0,0,35,9000
2025-12-05 16:33:05,120,62,547,1610,1597,65530,65534,65534,19,0,0,0,65508,0,0,0,0,210,1,0,218,220,9997,9997,0,0,0,0,0,35,9000
2025-12-05 16:33:17,120,62,581,1607,1597,65533,65533,65535,18,0,0,0,65507,0,0,0,0,210,1,0,218,220,9997,9997,0,0,0,0,0,35,9000
2025-12-05 16:33:28,119,62,622,1608,1598,65533,65533,65535,19,0,0,0,65507,0,0,0,0,210,1,0,218,220,9997,9997,0,0,0,0,0,35,9000
2025-12-05 16:33:40,120,62,623,1608,1597,65532,65533,65535,19,0,0,0,65507,0,0,0,0,210,1,0,219,218,9997,9997,0,0,0,0,0,35,9000
2025-12-05 16:33:52,120,62,579,1606,1596,65531,65533,65535,17,0,0,0,65508,0,0,0,0,210,1,0,218,220,9997,9997,0,0,0,0,0,35,9000
2025-12-05 16:34:03,120,62,621,1607,1597,65533,65535,65534,18,0,0,0,65507,0,0,0,0,210,1,0,218,220,9997,9997,0,0,0,0,0,35,9000
2025-12-05 16:34:14,118,62,636,1607,1597,65530,65533,65534,20,0,0,0,65507,0,0,0,0,210,1,0,218,220,9997,9997,0,0,0,0,0,35,9000
2025-12-05 16:34:25,120,62,626,1608,1596,65532,65533,65535,17,0,0,0,65507,0,0,0,0,210,1,0,218,220,9997,9997,0,0,0,0,0,35,9000
2025-12-05 16:34:37,119,62,622,1607,1597,65533,65533,65535,18,0,0,0,65507,0,0,0,0,210,1,0,218,220,9997,9997,0,0,0,0,0,35,9000
2025-12-05 16:34:48,120,61,620,1607,1597,65533,65534,65534,19,0,0,0,65508,0,0,0,0,210,1,0,217,220,9997,9997,0,0,0,0,0,35,9000
2025-12-05 16:34:59,120,62,620,1608,1597,65533,65534,65534,18,0,0,0,65508,0,0,0,0,210,1,0,217,220,9997,9997,0,0,0,0,0,35,9000
2025-12-05 16:35:10,120,62,636,1608,1597,65532,65533,65534,19,0,0,0,65508,0,0,0,0,210,1,0,217,218,9997,9997,0,0,0,0,0,35,9000
2025-12-05 16:35:22,120,63,592,1608,1597,65531,65533,65534,18,0,0,0,65507,0,0,0,0,210,1,0,217,218,9997,9997,0,0,0,0,0,35,9000
2025-12-05 16:35:32,118,62,433,1607,1597,65530,65534,65535,19,0,0,0,65508,0,0,0,0,210,1,0,218,220,9997,9997,0,0,0,0,0,35,9000
2025-12-05 16:35:43,120,61,535,1608,1597,65533,65533,65535,16,0,0,0,65507,0,0,0,0,210,1,0,218,220,9997,9997,0,0,0,0,0,35,9000
2025-12-05 16:35:55,120,62,640,1608,1597,65533,65533,65535,17,0,0,0,65508,0,0,0,0,210,1,0,218,220,9997,9997,0,0,0,0,0,35,9000
2025-12-05 16:36:07,120,62,656,1609,1596,65530,65533,65535,16,0,0,0,65508,0,0,0,0,210,1,0,218,220,9997,9997,0,0,0,0,0,35,9000
2025-12-05 16:36:18,120,61,651,1607,1597,65531,65534,65534,17,0,0,0,65508,0,0,0,0,210,1,0,218,220,9997,9997,0,0,0,0,0,35,9000
2025-12-05 16:36:28,120,62,461,1608,1596,65530,65533,65534,19,0,0,0,65508,0,0,0,0,210,1,0,218,220,9997,9997,0,0,0,0,0,35,9000
2025-12-05 16:36:38,120,62,593,1608,1597,65532,65535,65535,17,0,0,0,65508,0,0,0,0,210,1,0,218,220,9997,9997,0,0,0,0,0,35,9000
2025-12-05 16:36:49,120,63,579,1608,1596,65533,65533,65535,16,0,0,0,65508,0,0,0,0,210,1,0,217,220,9997,9997,0,0,0,0,0,35,9000
2025-12-05 16:37:00,120,63,547,1608,1596,65532,65535,65535,17,0,0,0,65508,0,0,0,0,210,1,0,217,218,9997,9997,0,0,0,0,0,35,9000
2025-12-05 16:37:12,120,63,619,1608,1596,65530,65533,65535,19,0,0,0,65508,0,0,0,0,210,1,0,217,218,9997,9997,0,0,0,0,0,35,9000
2025-12-05 16:37:23,120,63,660,1608,1597,65532,65533,65534,17,0,0,0,65508,0,0,0,0,210,1,0,218,218,9997,9997,0,0,0,0,0,35,9000
2025-12-05 16:37:34,120,63,662,1608,1596,65530,65534,65533,16,0,0,0,65508,0,0,0,0,210,1,0,217,220,9997,9997,0,0,0,0,0,35,9000
2025-12-05 16:37:44,120,63,566,1608,1597,65532,65533,65534,19,0,0,0,65508,0,0,0,0,210,1,0,218,220,9997,9997,0,0,0,0,0,35,9000
2025-12-05 16:37:56,119,63,627,1608,1597,65531,65533,65534,17,0,0,0,65508,0,0,0,0,210,1,0,217,220,9997,9997,0,0,0,0,0,35,9000
2025-12-05 16:38:07,119,62,647,1607,1597,65530,65533,65534,17,0,0,0,65508,0,0,0,0,210,1,0,217,218,9997,9997,0,0,0,0,0,35,9000
2025-12-05 16:38:18,108,62,588,1607,1596,65533,65533,65534,17,0,0,0,65508,0,0,0,0,210,1,0,217,220,9997,9997,0,0,0,0,0,35,9000
2025-12-05 16:38:29,116,63,625,1608,1596,65532,65534,65535,21,0,0,0,65508,0,0,0,0,210,1,0,217,218,9997,9997,0,0,0,0,0,35,1000
2025-12-05 16:38:41,116,63,602,1608,1597,65533,65533,65534,16,0,0,0,65508,0,0,0,0,210,1,0,217,218,9997,9997,0,0,0,0,0,35,1000
2025-12-05 16:38:53,117,62,667,1609,1597,65533,65533,65534,18,0,0,0,65507,0,0,0,0,210,1,0,217,218,9997,9997,0,0,0,0,0,35,1000
2025-12-05 16:39:04,117,63,631,1608,1596,65529,65534,65534,19,0,0,0,65508,0,0,0,0,210,1,0,217,220,9997,9997,0,0,0,0,0,35,1000
2025-12-05 16:39:15,114,62,657,1607,1596,65533,65533,65534,19,0,0,0,65508,0,0,0,0,210,1,0,217,218,9997,9997,0,0,0,0,0,35,1000
2025-12-05 16:39:26,117,63,549,1608,1597,65530,65533,65534,19,0,0,0,65508,0,0,0,0,210,1,0,217,218,9997,9997,0,0,0,0,0,35,1000
2025-12-05 16:39:37,117,63,562,1608,1596,65530,65534,65534,16,0,0,0,65508,0,0,0,0,210,1,0,217,218,9997,9997,0,0,0,0,0,35,1000
2025-12-05 16:39:48,95,63,486,1608,1597,65533,65533,65534,19,65528,0,0,65507,0,0,0,0,210,1,0,216,218,9997,9997,0,0,0,0,0,35,1000
2025-12-05 16:39:59,1990,63,622,1608,2000,65533,65534,65533,17,65529,0,0,65508,0,0,0,0,210,1,0,217,218,9997,9997,0,0,0,0,0,35,1000
2025-12-05 16:40:10,1990,64,579,1607,2000,65532,65534,65535,19,65528,0,0,65508,0,0,0,0,210,1,0,217,220,9997,9997,0,0,0,0,0,35,10000
2025-12-05 16:40:21,1990,63,664,1607,2001,65530,65532,65533,18,65528,0,0,65508,0,0,0,0,210,1,0,217,218,9997,9997,0,0,0,0,0,35,10000
2025-12-05 16:40:32,1991,63,581,1608,2000,65532,65533,65534,20,65528,0,0,65508,0,0,0,0,210,1,0,217,218,9997,9997,0,0,0,0,0,35,10000
2025-12-05 16:40:44,1575,63,617,1608,1699,65530,65533,65535,17,65530,0,0,65508,0,0,0,0,210,1,0,217,218,9997,9997,0,0,0,0,0,35,10000
2025-12-05 16:40:55,1990,63,611,1607,2000,65532,65535,65534,19,65528,0,0,65508,0,0,0,0,210,1,0,217,216,9997,9997,0,0,0,0,0,35,10000
2025-12-05 16:41:05,1990,63,624,1608,2002,65530,65533,65534,17,65529,0,0,65508,0,0,0,0,210,1,0,217,218,9997,9997,0,0,0,0,0,35,10000
2025-12-05 16:41:15,1991,63,539,1608,2001,65533,0,65535,17,65529,0,0,65508,0,0,0,0,210,1,0,217,218,9997,9997,0,0,0,0,0,35,10000
2025-12-05 16:41:26,1991,63,565,1608,2000,65533,65533,65535,17,65529,0,0,65508,0,0,0,0,210,1,0,217,218,9997,9997,0,0,0,0,0,35,10000
2025-12-05 16:41:38,1991,63,579,1608,2001,65530,65533,65534,19,65529,0,0,65508,0,0,0,0,210,1,0,216,218,9997,9997,0,0,0,0,0,35,10000
2025-12-05 16:41:49,1991,63,623,1608,2001,65532,65533,65534,17,65529,0,0,65508,0,0,0,0,210,1,0,216,218,9997,9997,0,0,0,0,0,35,10000
2025-12-05 16:42:01,1991,63,636,1607,2002,65530,65534,65535,19,65529,0,0,65508,0,0,0,0,210,1,0,217,216,9997,9997,0,0,0,0,0,35,10000
2025-12-05 16:42:13,1991,63,630,1608,2001,65533,65534,65535,17,65530,0,0,65507,0,0,0,0,210,1,0,216,218,9997,9997,0,0,0,0,0,35,10000
2025-12-05 16:42:24,1991,63,559,1608,2001,65530,65535,65535,20,65529,0,0,65508,0,0,0,0,210,1,0,216,218,9997,9997,0,0,0,0,0,35,10000
2025-12-05 16:42:35,1991,63,665,1608,2001,65533,65535,65534,19,65529,0,0,65508,0,0,0,0,210,1,0,216,218,9997,9997,0,0,0,0,0,35,10000
2025-12-05 16:42:46,1991,63,628,1608,2001,65532,65533,65535,19,65529,0,0,65508,0,0,0,0,210,1,0,216,218,9997,9997,0,0,0,0,0,35,10000
2025-12-05 16:42:57,1991,63,659,1608,2001,65533,65533,65535,17,65529,0,0,65508,0,0,0,0,210,1,0,216,218,9997,9997,0,0,0,0,0,35,10000
2025-12-05 16:43:09,1991,63,462,1607,2001,65532,65533,65535,18,65529,0,0,65508,0,0,0,0,210,1,0,216,216,9997,9997,0,0,0,0,0,35,10000
2025-12-05 16:43:20,1991,63,555,1607,2001,65531,65534,65534,20,65529,0,0,65508,0,0,0,0,210,1,0,216,218,9997,9997,0,0,0,0,0,35,10000
2025-12-05 16:43:30,1992,63,603,1608,2002,65530,65533,65534,18,65529,0,0,65508,0,0,0,0,210,1,0,217,218,9997,9997,0,0,0,0,0,35,10000
2025-12-05 16:43:42,1991,63,607,1608,2001,65530,65533,65535,18,65528,0,0,65507,0,0,0,0,210,1,0,216,218,9997,9997,0,0,0,0,0,35,10000
2025-12-05 16:43:54,1991,63,646,1607,2001,65532,65534,65534,18,65527,0,0,65508,0,0,0,0,210,1,0,216,218,9997,9997,0,0,0,0,0,35,10000
2025-12-05 16:44:05,1991,63,555,1608,2001,65531,0,65535,18,65528,0,0,65508,0,0,0,0,210,1,0,216,216,9997,9997,0,0,0,0,0,35,10000
2025-12-05 16:44:15,1991,63,668,1608,2001,65530,65533,65535,18,65528,0,0,65508,0,0,0,0,210,1,0,216,216,9997,9997,0,0,0,0,0,35,10000
2025-12-05 16:44:26,1991,63,622,1608,2002,65532,0,65535,19,65528,0,0,65508,0,0,0,0,210,1,0,216,218,9997,9997,0,0,0,0,0,35,10000
2025-12-05 16:44:37,1991,63,548,1607,2002,65531,65533,65534,20,65527,0,0,65508,0,0,0,0,210,1,0,216,218,9997,9997,0,0,0,0,0,35,10000
2025-12-05 16:44:48,1991,64,609,1607,2001,65532,65534,65534,17,65528,0,0,65508,0,0,0,0,210,1,0,216,218,9997,9997,0,0,0,0,0,35,10000
2025-12-05 16:44:59,1991,63,537,1608,2002,65530,65534,65534,19,65528,0,0,65508,0,0,0,0,210,1,0,216,218,9997,9997,0,0,0,0,0,35,10000
2025-12-05 16:45:09,1991,64,545,1607,2002,65530,65535,65534,17,65528,0,0,65508,0,0,0,0,210,1,0,216,216,9997,9997,0,0,0,0,0,35,10000
2025-12-05 16:45:20,1992,63,558,1608,2001,65533,65533,65535,19,65529,0,0,65509,0,0,0,0,210,1,0,215,216,9997,9997,0,0,0,0,0,35,10000
2025-12-05 16:45:30,1992,63,603,1608,2002,65531,65533,65535,17,65528,0,0,65508,0,0,0,0,210,1,0,216,218,9997,9997,0,0,0,0,0,35,10000
2025-12-05 16:45:42,1991,63,621,1608,2001,65533,65534,65534,19,65527,0,0,65507,0,0,0,0,210,1,0,215,218,9997,9997,0,0,0,0,0,35,10000
2025-12-05 16:45:53,1991,63,561,1608,2001,65531,65533,65534,18,65528,0,0,65508,0,0,0,0,210,1,0,216,216,9997,9997,0,0,0,0,0,35,10000
2025-12-05 16:46:04,1991,63,602,1607,2002,65531,65534,65534,17,65528,0,0,65508,0,0,0,0,210,1,0,215,218,9997,9997,0,0,0,0,0,35,10000
2025-12-05 16:46:14,1992,63,494,1608,2001,65531,65533,65534,20,65529,0,0,65508,0,0,0,0,210,1,0,215,216,9997,9997,0,0,0,0,0,35,10000
2025-12-05 16:46:25,1991,64,651,1608,2002,65532,65534,65534,17,65528,0,0,65508,0,0,0,0,210,1,0,215,216,9997,9997,0,0,0,0,0,35,10000
2025-12-05 16:46:36,1991,63,626,1608,2001,65530,65533,65535,19,65528,0,0,65508,0,0,0,0,210,1,0,215,216,9997,9997,0,0,0,0,0,35,10000
2025-12-05 16:46:48,1991,63,652,1607,2001,65530,65533,65534,16,65528,0,0,65508,0,0,0,0,210,1,0,215,216,9997,9997,0,0,0,0,0,35,10000
2025-12-05 16:47:00,1992,63,586,1607,2002,65530,65532,65535,16,65529,0,0,65508,0,0,0,0,210,1,0,215,218,9997,9997,0,0,0,0,0,35,10000
2025-12-05 16:47:11,1992,63,611,1607,2002,65530,65533,65535,19,65529,0,0,65508,0,0,0,0,210,1,0,215,216,9997,9997,0,0,0,0,0,35,10000
2025-12-05 16:47:23,1991,63,619,1608,2002,65532,65534,65535,16,65527,0,0,65509,0,0,0,0,210,1,0,215,216,9997,9997,0,0,0,0,0,35,10000
2025-12-05 16:47:35,1992,63,630,1608,2002,65532,65533,65534,17,65529,0,0,65509,0,0,0,0,210,1,0,216,218,9997,9997,0,0,0,0,0,35,10000
2025-12-05 16:47:46,1992,63,618,1608,2001,65530,65533,65535,17,65528,0,0,65508,0,0,0,0,210,1,0,215,216,9997,9997,0,0,0,0,0,35,10000
2025-12-05 16:47:58,1992,64,590,1608,2001,65531,65533,65534,18,65529,0,0,65508,0,0,0,0,210,1,0,215,216,9997,9997,0,0,0,0,0,35,10000
2025-12-05 16:48:10,1992,63,636,1608,2001,65532,65533,65535,19,65529,0,0,65508,0,0,0,0,210,1,0,215,218,9997,9997,0,0,0,0,0,35,10000
2025-12-05 16:48:21,1992,63,616,1608,2001,65532,65534,65535,17,65529,0,0,65508,0,0,0,0,210,1,0,215,216,9997,9997,0,0,0,0,0,35,10000
2025-12-05 16:48:32,1991,64,538,1608,2002,65532,65533,65534,18,65528,0,0,65509,0,0,0,0,210,1,0,215,216,9997,9997,0,0,0,0,0,35,10000
2025-12-05 16:48:44,1991,63,648,1608,2001,65530,65533,65534,19,65528,0,0,65507,0,0,0,0,210,1,0,214,216,9997,9997,0,0,0,0,0,35,10000
2025-12-05 16:48:54,1991,63,532,1607,2002,65532,65533,65534,19,65528,0,0,65508,0,0,0,0,210,1,0,215,216,9997,9997,0,0,0,0,0,35,10000
2025-12-05 16:49:06,1992,63,659,1607,2002,65530,65535,65534,17,65529,0,0,65508,0,0,0,0,210,1,0,215,216,9997,9997,0,0,0,0,0,35,10000
2025-12-05 16:49:17,1991,63,619,1607,2002,65533,65534,65534,16,65529,0,0,65508,0,0,0,0,210,1,0,215,216,9997,9997,0,0,0,0,0,35,10000
2025-12-05 16:49:29,1992,63,618,1607,2002,65531,65533,65534,19,65528,0,0,65508,0,0,0,0,210,1,0,214,216,9997,9997,0,0,0,0,0,35,10000
2025-12-05 16:49:39,1991,63,645,1607,2002,65530,65535,65534,19,65529,0,0,65508,0,0,0,0,210,1,0,214,216,9997,9997,0,0,0,0,0,35,10000
2025-12-05 16:49:50,1992,63,664,1608,2002,65532,0,65534,16,65529,0,0,65508,0,0,0,0,210,1,0,214,216,9997,9997,0,0,0,0,0,35,10000
2025-12-05 16:50:02,1992,63,604,1607,2002,65530,65532,65535,19,65527,0,0,65508,0,0,0,0,210,1,0,214,216,9997,9997,0,0,0,0,0,35,10000
2025-12-05 16:50:14,1992,63,643,1608,2002,65531,65534,65534,19,65529,0,0,65508,0,0,0,0,210,1,0,214,216,9997,9997,0,0,0,0,0,35,10000
2025-12-05 16:50:26,1992,63,620,1607,2001,65532,65533,65534,19,65529,0,0,65508,0,0,0,0,210,1,0,214,216,9997,9997,0,0,0,0,0,35,10000
2025-12-05 16:50:37,1991,63,620,1608,2001,65531,65533,65534,17,65529,0,0,65508,0,0,0,0,210,1,0,214,216,9997,9997,0,0,0,0,0,35,10000
2025-12-05 16:50:48,1991,63,618,1607,2002,65532,65533,65535,19,65529,0,0,65508,0,0,0,0,210,1,0,214,216,9997,9997,0,0,0,0,0,35,10000
2025-12-05 16:50:59,1992,63,625,1607,2001,65533,65534,65534,19,65529,0,0,65508,0,0,0,0,210,1,0,215,216,9997,9997,0,0,0,0,0,35,10000
2025-12-05 16:51:10,1991,63,630,1607,2001,65530,65533,65534,19,65528,0,0,65508,0,0,0,0,210,1,0,215,216,9997,9997,0,0,0,0,0,35,10000
2025-12-05 16:51:21,1991,63,643,1607,2002,65531,65533,65535,19,65528,0,0,65509,0,0,0,0,210,1,0,214,216,9997,9997,0,0,0,0,0,35,10000
2025-12-05 16:51:32,1992,63,618,1608,2002,65531,65534,65535,19,65528,0,0,65508,0,0,0,0,210,1,0,215,216,9997,9997,0,0,0,0,0,35,10000
2025-12-05 16:51:44,1992,63,554,1607,2003,65532,65533,65535,17,65528,0,0,65508,0,0,0,0,210,1,0,214,216,9997,9997,0,0,0,0,0,35,10000
2025-12-05 16:51:55,1992,63,620,1608,2001,65533,65533,65535,20,65529,0,0,65507,0,0,0,0,210,1,0,215,216,9997,9997,0,0,0,0,0,35,10000
2025-12-05 16:52:12,1992,63,620,1608,0,65533,65535,65535,20,65532,0,0,65508,0,0,0,0,2100,1,0,214,216,9997,9997,0,0,0,0,0,35,10000
2025-12-05 16:52:25,1992,63,499,1607,2002,65533,65533,65534,17,65532,0,0,65508,0,0,0,0,2100,1,0,214,216,9997,9997,0,0,0,0,0,35,10000
2025-12-05 16:52:42,1993,63,617,1607,2002,65530,65533,65534,17,65522,0,2,65513,0,0,0,0,210,1,0,214,216,9997,9997,0,0,0,0,0,35,10000
2025-12-05 16:52:54,1992,63,619,1608,2002,65529,65531,65531,15,65522,0,2,65513,0,0,0,0,210,1,0,214,216,9997,9997,0,0,0,0,0,35,10000
2025-12-05 16:53:05,1991,63,619,1608,2003,65530,65530,65532,15,65524,0,2,65513,0,0,0,0,210,1,0,215,216,9997,9997,0,0,0,0,0,35,10000
2025-12-05 16:53:17,1992,63,646,1607,2002,65528,65530,65532,15,65523,0,2,65513,0,0,0,0,210,1,0,214,216,9997,9997,0,0,0,0,0,35,10000
2025-12-05 16:53:28,1992,64,506,1607,2003,65528,65530,65531,15,65523,0,2,65513,0,0,0,0,210,1,0,214,216,9997,9997,0,0,0,0,0,35,10000
2025-12-05 16:53:40,1992,64,639,1608,2003,65532,65532,65531,14,65523,0,2,65514,0,0,0,0,210,1,0,214,216,9997,9997,0,0,0,0,0,35,10000
2025-12-05 16:53:51,1992,64,499,1608,2004,65529,65530,65531,15,65523,0,2,65514,0,0,0,0,210,1,0,214,216,9997,9997,0,0,0,0,0,35,10000
2025-12-05 16:54:03,1992,63,617,1608,2002,65530,65531,65531,13,65523,0,2,65513,0,0,0,0,210,1,0,214,216,9997,9997,0,0,0,0,0,35,10000
2025-12-05 16:54:15,1992,63,620,1608,2003,65527,65530,65531,14,65523,0,2,65513,0,0,0,0,210,1,0,214,216,9997,9997,0,0,0,0,0,35,10000
2025-12-05 16:54:26,1992,63,563,1607,2002,65529,65530,65531,13,65524,0,2,65514,0,0,0,0,210,1,0,214,216,9997,9997,0,0,0,0,0,35,10000
2025-12-05 16:54:37,1992,63,620,1608,2003,65527,65530,65531,15,65522,0,2,65513,0,0,0,0,210,1,0,214,216,9997,9997,0,0,0,0,0,35,10000
2025-12-05 16:54:48,1992,63,500,1607,2003,65530,65532,65532,15,65523,0,2,65513,0,0,0,0,210,1,0,214,216,9997,9997,0,0,0,0,0,35,10000
2025-12-05 16:55:00,1992,63,617,1607,2003,65527,65531,65531,15,65522,0,2,65513,0,0,0,0,210,1,0,214,216,9997,9997,0,0,0,0,0,35,10000
2025-12-05 16:55:12,1992,64,494,1608,2003,65527,65531,65532,14,65523,0,2,65513,0,0,0,0,210,1,0,213,216,9997,9997,0,0,0,0,0,35,10000
2025-12-05 16:55:23,1992,63,647,1608,2003,65529,65530,65531,15,65522,0,2,65514,0,0,0,0,210,1,0,214,214,9997,9997,0,0,0,0,0,35,10000
2025-12-05 16:55:34,1992,63,557,1608,2003,65529,65532,65531,15,65523,0,2,65514,0,0,0,0,210,1,0,214,216,9997,9997,0,0,0,0,0,35,10000
2025-12-05 16:55:45,1992,64,644,1607,2003,65528,65531,65531,13,65523,0,2,65513,0,0,0,0,210,1,0,214,216,9997,9997,0,0,0,0,0,35,10000
2025-12-05 16:55:56,1992,64,620,1608,2002,65527,65530,65532,15,65522,0,2,65513,0,0,0,0,210,1,0,214,216,9997,9997,0,0,0,0,0,35,10000
2025-12-05 16:56:07,1993,64,621,1608,2003,65527,65530,65531,15,65522,0,2,65513,0,0,0,0,210,1,0,214,216,9997,9997,0,0,0,0,0,35,10000
2025-12-05 16:56:19,1992,64,600,1608,2002,65529,65531,65531,14,65523,0,2,65513,0,0,0,0,210,1,0,214,216,9997,9997,0,0,0,0,0,35,10000
2025-12-05 16:56:30,1992,63,618,1608,2003,65527,65530,65531,15,65523,0,2,65513,0,0,0,0,210,1,0,213,214,9997,9997,0,0,0,0,0,35,10000
2025-12-05 16:56:42,1992,64,618,1608,2003,65527,65530,65531,15,65523,0,2,65513,0,0,0,0,210,1,0,213,216,9997,9997,0,0,0,0,0,35,10000
2025-12-05 16:56:52,1992,63,571,1608,2003,65528,65530,65532,16,65522,0,2,65513,0,0,0,0,210,1,0,213,214,9997,9997,0,0,0,0,0,35,10000
2025-12-05 16:57:04,1992,63,623,1607,2003,65528,65530,65531,15,65522,0,2,65513,0,0,0,0,210,1,0,213,216,9997,9997,0,0,0,0,0,35,10000
2025-12-05 16:57:16,1992,64,645,1607,2003,65529,65530,65532,15,65523,0,2,65513,0,0,0,0,210,1,0,213,216,9997,9997,0,0,0,0,0,35,10000
2025-12-05 16:57:27,1992,64,618,89,2003,65529,65530,65533,15,65522,0,2,65535,0,0,0,0,210,1,0,213,216,9997,9997,0,0,0,0,0,35,10000
2025-12-05 16:57:38,1993,63,619,89,2003,65530,65532,65531,15,65522,0,2,65535,0,0,0,0,210,1,0,213,214,9997,9997,0,0,0,0,0,35,10000
2025-12-05 16:57:50,1992,63,621,89,2003,65529,65530,65531,14,65523,0,2,65535,0,0,0,0,210,0,0,213,214,9997,9997,0,0,0,0,0,35,10000
2025-12-05 16:58:01,1992,63,618,89,2003,65529,65530,65532,13,65522,0,2,0,0,0,0,0,210,1,0,213,214,9997,9997,0,0,0,0,0,35,10000
2025-12-05 16:58:12,1992,63,619,1607,2003,65530,65531,65531,16,65523,0,2,65513,0,0,0,0,210,1,0,213,216,9997,9997,0,0,0,0,0,35,10000
2025-12-05 16:58:24,1992,63,642,1607,2003,65529,65528,65531,16,65522,0,2,65513,0,0,0,0,210,1,0,213,214,9997,9997,0,0,0,0,0,35,10000
2025-12-05 16:58:36,1992,2978,511,1608,3623,65527,65530,65531,14,65522,65521,2,65513,0,0,0,0,210,1,0,213,214,9997,9997,0,0,0,0,0,35,10000
2025-12-05 16:58:47,1992,2978,623,1608,3004,65527,65532,65531,15,65522,65522,2,65514,0,0,0,0,210,1,0,213,216,9997,9997,0,0,0,0,0,35,10000
2025-12-05 16:58:58,1992,2981,587,1607,3003,65530,65531,65532,15,65522,65522,2,65513,0,0,0,0,210,1,0,213,214,9997,9997,0,0,0,0,0,35,10000
2025-12-05 16:59:10,1992,2978,630,1607,3002,65529,65530,65532,13,65522,65521,2,65514,0,0,0,0,210,1,0,213,214,9997,9997,0,0,0,0,0,35,10000
2025-12-05 16:59:20,1992,2986,591,1607,3002,65529,65530,65532,14,65522,65522,2,65514,0,0,0,0,210,1,0,213,214,9997,9997,0,0,0,0,0,35,5000
2025-12-05 16:59:31,1992,2979,616,1607,3002,65528,65532,65531,14,65522,65522,2,65514,0,0,0,0,210,1,0,213,216,9997,9997,0,0,0,0,0,35,5000
2025-12-05 16:59:42,1993,2986,493,1608,3003,65527,65530,65530,15,65522,65522,2,65514,0,0,0,0,210,1,0,213,214,9997,9997,0,0,0,0,0,35,5000
2025-12-05 16:59:54,1992,2983,662,1607,3003,65527,65530,65532,15,65523,65523,2,65513,0,0,0,0,210,1,0,213,214,9997,9997,0,0,0,0,0,35,5000
2025-12-05 17:00:05,1992,2983,616,1607,3003,65528,65530,65531,17,65522,65522,2,65513,0,0,0,0,210,1,0,213,214,9997,9997,0,0,1,0,0,35,5000
2025-12-05 17:00:16,1993,2985,621,1607,3002,65529,65530,65531,15,65522,65522,2,65513,0,0,0,0,210,1,0,212,214,9997,9997,0,0,1,0,0,35,5000
2025-12-05 17:00:27,1992,2985,570,1607,3003,65527,65533,65532,14,65523,65523,2,65513,0,0,0,0,210,1,0,213,214,9997,9997,0,0,1,0,0,35,5000
2025-12-05 17:00:38,1992,2986,514,1607,3002,65528,65532,65531,15,65522,65522,2,65513,0,0,0,0,210,1,0,213,214,9997,9997,0,0,1,0,0,35,5000
2025-12-05 17:00:49,1993,2977,667,1608,3001,65527,65530,65533,15,65522,65522,2,65513,0,0,0,0,210,1,0,213,214,9997,9997,0,0,1,0,0,35,5000
2025-12-05 17:01:00,1992,2983,616,1608,3002,65530,65532,65531,15,65522,65522,2,65514,0,0,0,0,210,1,0,213,214,9997,9997,0,0,1,0,0,35,5000
2025-12-05 17:01:09,1992,2985,500,1607,3003,65527,65530,65531,13,65521,65521,2,65514,0,0,0,0,210,1,0,213,214,9997,9997,0,0,1,0,0,35,5000
2025-12-05 17:01:20,1992,2986,616,1607,3003,65527,65531,65531,15,65523,65521,2,65513,0,0,0,0,210,1,0,212,214,9997,9997,0,0,1,0,0,35,5000
2025-12-05 17:01:31,1993,2985,579,1607,3003,65529,65532,65532,15,65523,65522,3,65505,0,0,0,0,210,1,0,218,9997,9997,9997,0,0,2,0,0,35,5000
2025-12-05 17:01:42,2183,3298,1263,1787,3109,65524,65532,65326,107,65484,65456,318,65247,0,0,0,0,210,1,0,213,9997,9997,9997,0,0,2,0,0,35,5000
2025-12-05 17:01:53,1992,2977,666,1606,3407,65528,65530,65531,15,65522,65520,2,65512,1,0,0,0,210,1,0,213,216,9997,9997,0,0,1,0,0,35,5000
2025-12-05 17:02:04,1992,2981,617,1607,3003,65534,65530,65531,29,65431,65446,31,65498,1,0,0,0,210,1,0,212,9997,9997,9997,0,0,2,0,0,35,5000
2025-12-05 17:02:16,2057,3037,1095,1713,3222,26,65532,65276,267,73,65459,292,65347,1,0,0,0,210,1,0,214,9997,9997,9997,0,0,2,0,0,35,5000
2025-12-05 17:02:26,1992,2984,635,1606,3225,65528,65530,65531,17,65522,65520,2,65512,2,0,0,0,210,1,0,213,214,9997,9997,0,0,1,0,0,35,5000
2025-12-05 17:02:38,1992,2986,638,1607,3003,65529,65532,65531,15,65522,65521,2,65512,2,0,0,0,210,1,0,213,216,9997,9997,0,0,1,0,0,35,5000
2025-12-05 17:02:58,1993,2985,616,1607,3004,65527,65530,65531,16,65522,65522,2,65511,2,0,0,0,210,1,0,213,0,0,9997,0,0,1,0,0,35,0
2025-12-05 17:03:10,2247,3437,1321,1799,3474,1,65533,65370,95,0,65437,278,65282,0,0,0,0,210,1,0,212,9997,676,9997,0,0,2,0,0,35,0
2025-12-05 17:03:21,2069,3043,1698,1684,3184,2,65533,65208,399,21,65522,647,64872,1,0,0,0,210,1,0,214,9997,9997,9997,0,0,2,0,0,35,0
2025-12-05 17:03:32,1999,2975,2454,1665,3353,0,0,65252,456,65487,65421,825,64571,3,0,0,0,210,1,0,212,9997,9997,9997,0,0,2,0,0,35,5000
2025-12-05 17:03:44,2221,3382,2789,1871,3565,5,65474,65241,529,65487,65425,851,64521,5,0,0,0,210,1,0,212,9997,9997,9997,0,0,2,0,0,35,5000
2025-12-05 17:03:54,2300,3388,3203,1883,3663,22,65533,65250,572,37,23,837,64615,7,0,0,0,210,1,0,212,9997,9997,9997,0,0,2,0,0,35,5000
2025-12-05 17:04:06,2224,3351,2935,1929,3386,65260,65519,65243,546,4,65443,903,64476,10,0,0,0,210,1,0,213,9997,9997,9997,0,0,2,0,0,35,5000
2025-12-05 17:04:17,2168,3240,3262,1836,3535,0,65532,65275,533,65499,65436,890,64434,12,0,0,0,210,1,0,214,9997,9997,9997,0,0,2,0,0,35,5000
2025-12-05 17:04:28,2041,3024,3012,1769,3520,65534,65533,65229,617,3,65484,941,64417,14,0,0,0,210,1,0,212,604,9997,9997,0,0,2,0,0,35,5000
2025-12-05 17:04:39,2242,3286,2918,1806,3568,0,0,65182,575,26,65387,887,64508,16,0,0,0,210,1,0,215,9997,1500,1500,0,0,2,0,0,35,5000
2025-12-05 17:04:51,2243,3236,3144,1796,3445,26,65533,65289,433,119,65418,722,64819,19,0,0,0,210,1,0,215,224,9997,224,0,0,2,0,0,35,5000
2025-12-05 17:05:02,2219,3331,3092,1931,3502,0,65535,65160,626,5,65477,945,64383,21,0,0,0,210,1,0,216,9997,9997,9997,0,0,2,0,0,35,5000
2025-12-05 17:05:13,2255,3390,2877,1903,3135,65531,65534,65199,646,2,65521,948,64423,23,0,0,0,210,1,0,215,9997,9997,9997,0,0,2,0,0,35,5000
2025-12-05 17:05:25,2025,2998,2810,1654,3184,28,65533,65209,600,71,65475,952,64538,25,0,0,0,210,1,0,216,9997,9997,9997,0,0,2,0,0,35,5000
2025-12-05 17:05:37,2018,2995,2776,1684,3274,98,65534,65250,537,65519,65413,894,64465,28,0,0,0,210,1,0,217,9997,9997,9997,0,0,2,0,0,35,5000
2025-12-05 17:05:47,2039,2991,2767,1725,3290,0,65534,65238,586,65503,65425,887,64492,30,0,0,0,210,1,0,216,9997,9997,9997,0,0,2,0,0,35,5000
2025-12-05 17:05:58,1996,3027,3006,1696,3219,1,0,65238,598,7,65489,926,64410,32,0,0,0,210,1,0,217,9997,9997,9997,0,0,2,0,0,35,5000
2025-12-05 17:06:09,2238,3305,2907,1818,3716,1,65535,65267,503,65507,65393,886,64506,35,0,0,0,210,1,0,218,227,9997,9997,0,0,2,0,0,35,5000
2025-12-05 17:06:20,2225,3319,2599,1884,3480,120,65533,65237,524,30,65419,849,64540,37,0,0,0,210,1,0,219,9997,9997,9997,0,0,2,0,0,35,5000
2025-12-05 17:06:31,2227,3254,2935,1827,3385,65534,65533,65259,513,59,65494,901,64489,39,0,0,0,210,1,0,219,9997,9997,9997,0,0,2,0,0,35,5000
2025-12-05 17:06:42,2151,3122,2943,1773,3426,0,65533,65230,628,6,65510,948,64393,42,0,0,0,210,1,0,217,9997,9997,701,0,0,2,0,0,35,5000
2025-12-05 17:06:53,2258,3395,3010,1872,3130,35,0,65191,607,59,65443,947,64445,44,0,0,0,210,1,0,218,9997,9997,9997,0,0,2,0,0,35,5000
2025-12-05 17:07:03,2225,3379,2828,1862,3587,65531,65445,65197,505,65453,65426,856,64541,46,0,0,0,210,1,0,220,9997,9997,9997,0,0,2,0,0,35,5000
2025-12-05 17:07:14,2008,3021,2924,1681,3232,65533,65533,65099,44,23,65387,917,64482,48,1,0,0,210,1,0,221,9997,9997,9997,0,0,2,0,0,35,5000
2025-12-05 17:07:25,2026,3007,3079,1678,3220,1,65535,65241,612,11,65435,926,64446,51,1,0,0,210,1,0,220,9997,9997,632,0,0,2,0,0,35,5000
2025-12-05 17:07:37,2218,3312,3254,1890,3492,211,65485,65238,597,0,65484,935,64406,53,1,0,0,200,1,0,217,9997,9997,9997,0,0,2,0,0,35,5000
2025-12-05 17:07:48,2295,3261,2905,1885,3429,2,65533,65236,647,4,65445,958,64389,55,1,0,0,200,1,0,217,9997,9997,9997,0,0,2,0,0,35,5000
2025-12-05 17:07:59,2227,3297,3026,1864,3343,0,65534,65236,645,8,65490,933,64395,58,1,0,0,200,1,0,223,9997,9997,9997,0,0,2,0,0,35,5000
2025-12-05 17:08:09,2060,3017,2851,1703,3619,0,65535,65239,578,65517,65445,899,64458,60,1,0,0,200,1,0,218,9997,9997,9997,0,0,2,0,0,35,5000
2025-12-05 17:08:19,2235,3315,3138,1863,3525,0,65533,65259,401,65530,65469,936,64421,62,1,0,0,200,1,0,222,1321,9997,9997,0,0,2,0,0,35,5000
2025-12-05 17:08:30,2276,3264,3067,1875,3143,22,65532,65214,599,72,9,946,64536,64,1,0,0,200,1,0,227,9997,9997,9997,0,0,2,0,0,35,5000
2025-12-05 17:08:41,2265,3370,2939,1886,3547,21,65534,65195,593,74,65479,928,64506,66,1,0,0,200,1,0,223,231,9997,233,0,0,2,0,0,35,5000
2025-12-05 17:08:52,2074,3040,2934,1717,3155,65533,65510,65246,555,10,65519,919,64484,69,1,0,0,200,1,0,219,9997,9997,9997,0,0,2,0,0,35,5000
2025-12-05 17:09:02,2247,3378,2937,1868,3497,65535,65451,65187,633,13,65442,937,64380,71,1,0,0,200,1,0,221,9997,9997,9997,0,0,2,0,0,35,5500
2025-12-05 17:09:13,2326,3407,2795,1906,3554,13,65533,65192,556,84,65418,864,64551,73,1,0,0,200,1,0,224,9997,9997,9997,0,0,2,0,0,35,5500
2025-12-05 17:09:24,2234,3315,3069,1867,3477,65529,65535,65303,325,65463,65372,709,64685,75,1,0,0,200,1,0,222,235,9997,9997,0,0,2,0,0,35,5500
2025-12-05 17:09:35,2226,3220,2398,1801,3421,0,65098,65248,489,65533,65422,710,64714,77,1,0,0,200,1,0,224,9997,9997,9997,0,0,2,0,0,35,5500
2025-12-05 17:09:46,2289,3354,2720,1926,3511,65533,65475,65218,553,8,0,845,64582,79,1,0,0,200,1,0,225,9997,9997,9997,0,0,2,0,0,35,5500
2025-12-05 17:09:58,2230,3321,2694,1884,3605,4,65534,65258,532,13,65448,818,64542,81,1,0,0,200,1,0,221,9997,9997,9997,0,0,2,0,0,35,5500
2025-12-05 17:10:09,2224,3263,3072,1853,3517,10,65533,65272,488,40,65386,824,64587,83,2,0,0,200,1,0,225,9997,9997,9997,0,0,2,0,0,35,5500
2025-12-05 17:10:19,2242,3378,2958,1885,3460,5,0,65230,580,23,65485,887,64551,85,2,0,0,200,1,0,222,9997,9997,9997,0,0,2,0,0,35,5500
2025-12-05 17:10:30,2306,3366,3019,1881,3411,21,65533,65247,546,62,65440,879,64590,88,2,0,0,200,1,0,224,239,9997,9997,0,0,2,0,0,35,5500
2025-12-05 17:10:42,2269,3416,2930,1914,3611,26,0,65242,535,76,65436,858,64642,90,2,0,0,200,1,0,224,9997,9997,9997,0,0,2,0,0,35,5500
2025-12-05 17:10:53,2064,3027,2886,1768,3195,0,65534,65288,521,65495,1,830,64531,92,2,0,0,200,1,0,227,9997,9997,9997,0,0,2,0,0,35,5500
2025-12-05 17:11:04,2236,3328,2902,1872,3603,16,65483,65265,486,7,65462,813,64597,94,2,0,0,200,1,0,228,9997,9997,9997,0,0,2,0,0,35,5500
2025-12-05 17:11:15,2203,3264,2987,1884,3414,65461,0,65321,441,65534,65455,830,64520,96,2,0,0,200,1,0,223,9997,9997,9997,0,0,2,0,0,35,5500
2025-12-05 17:11:27,2219,3286,3050,1938,3431,5,65534,65280,764,28,65480,786,64577,98,2,0,0,200,1,0,228,9997,9997,9997,0,0,2,0,0,35,5500
2025-12-05 17:11:37,2003,2979,2722,1587,3243,65533,65535,65270,486,17,65413,736,64656,100,2,0,0,200,1,0,225,9997,509,9997,0,0,2,0,0,35,5500
2025-12-05 17:11:49,2235,3348,2810,1867,3462,65525,65534,65290,477,29,65444,775,64605,102,2,0,0,200,1,0,226,9997,1081,9997,0,0,2,0,0,35,5500
2025-12-05 17:12:00,2037,2985,2736,1700,3505,65533,65535,65139,525,17,65472,761,64612,104,2,0,0,200,1,0,224,9997,9997,9997,0,0,2,0,0,35,5500
2025-12-05 17:12:12,2281,3377,3170,1951,3533,65531,65534,65375,362,25,65507,623,64872,106,2,0,0,200,1,0,227,9997,9997,9997,0,0,2,0,0,35,5500
2025-12-05 17:12:24,2221,3307,2998,1807,3261,29,65530,65299,386,78,8,658,64815,107,2,0,0,200,1,0,230,9997,9997,9997,0,0,2,0,0,35,5500
2025-12-05 17:12:35,2180,3418,2771,1811,3151,65530,65494,65258,512,65486,65494,738,64693,109,2,0,0,200,1,0,230,9997,9997,9997,0,0,2,0,0,35,5500
2025-12-05 17:12:48,2090,3008,3048,1732,3098,0,65534,65235,532,39,65434,729,64684,111,2,0,0,200,1,0,231,9997,9997,1013,0,0,2,0,0,35,5500
2025-12-05 17:12:59,2084,3020,2987,1748,3249,29,0,65348,349,66,65505,633,64893,113,2,0,0,200,1,0,230,9997,9997,9997,0,0,2,0,0,35,5500
2025-12-05 17:13:10,2156,3209,3091,1834,3375,5,9,65325,456,65513,65389,702,64720,115,2,0,0,200,1,0,228,9997,9997,9997,0,0,2,0,0,35,5500
2025-12-05 17:13:22,2289,3431,3104,1845,3266,24,65534,65383,283,64,65465,531,65023,117,3,0,0,200,1,0,232,9997,9997,9997,0,0,2,0,0,35,5500
2025-12-05 17:13:33,2012,2981,2719,1671,3383,0,0,65317,395,65465,65495,645,64803,118,3,0,0,190,1,0,231,9997,9997,9997,0,0,2,0,0,35,5500
2025-12-05 17:13:44,2218,3339,2959,1798,3502,3,65532,65325,403,48,65423,677,64787,120,3,0,0,190,1,0,229,9997,1500,9997,0,0,2,0,0,35,5500
2025-12-05 17:13:55,2248,3333,2940,1759,3569,19,65533,65258,395,34,65503,634,64854,122,3,0,0,190,1,0,230,9997,9997,9997,0,0,2,0,0,35,5500
2025-12-05 17:14:06,2013,2999,2970,1675,3239,65533,65533,65329,395,65527,65403,617,64824,123,3,0,0,190,1,0,233,9997,9997,9997,0,0,2,0,0,35,5500
2025-12-05 17:14:17,2228,3386,2881,1823,3172,26,65535,65328,362,81,65487,643,64890,125,3,0,0,190,1,0,232,9997,9997,9997,0,0,2,0,0,35,5500
2025-12-05 17:14:29,2082,3121,2681,1681,3359,37,65533,65324,350,126,65452,615,64924,127,3,0,0,190,1,0,232,9997,9997,9997,0,0,2,0,0,35,5500
2025-12-05 17:14:40,2003,2978,2770,1583,3150,27,65535,65322,422,100,65520,621,64939,128,3,0,0,190,1,0,235,242,9997,9997,0,0,2,0,0,35,5500
2025-12-05 17:14:51,2003,2982,2450,1601,3196,32,65523,65319,345,65,65510,591,64959,130,3,0,0,190,1,0,232,9997,9997,9997,0,0,2,0,0,35,5500
2025-12-05 17:15:02,2242,3257,2933,1812,3413,2,65533,65259,374,30,65397,599,64853,131,3,0,0,190,1,0,232,879,9997,9997,0,0,2,0,0,35,5500
2025-12-05 17:15:14,2029,3021,2711,1629,3004,0,64489,65434,392,65490,65516,548,64899,133,3,0,0,190,1,0,233,242,242,9997,0,0,2,0,0,35,5500
2025-12-05 17:15:25,2201,3353,2844,1801,3456,24,65535,65353,319,109,65448,565,64955,134,3,0,0,190,1,0,236,9997,9997,9997,0,0,2,0,0,35,5500
2025-12-05 17:15:36,2057,2993,2716,1686,3334,43,65533,65359,263,101,65465,550,65027,136,4,0,0,190,1,0,241,9997,9997,9997,0,0,2,0,0,35,5500
2025-12-05 17:15:48,2162,3275,2845,1781,3373,65532,65533,65344,367,65508,65503,555,64924,137,4,0,0,190,1,0,235,9997,9997,9997,0,0,2,0,0,35,5500
2025-12-05 17:16:00,2026,2987,2610,1641,3040,0,65426,65384,288,16,65485,509,64969,139,4,0,0,190,1,0,230,9997,9997,9997,0,0,2,0,0,35,5500
2025-12-05 17:16:11,2131,3147,2727,1792,3449,857,0,65361,334,65507,65505,500,64968,140,4,0,0,190,1,0,234,9997,1500,837,0,0,2,0,0,35,5500
2025-12-05 17:16:23,2079,3048,2404,1727,3150,28,65533,65357,257,60,65502,462,65087,141,4,0,0,190,1,0,234,9997,9997,9997,0,0,2,0,0,35,5500
2025-12-05 17:16:34,2161,3251,2407,1782,3445,2,65534,65406,242,7,65462,404,65087,142,4,0,0,190,1,0,236,9997,9997,9997,0,0,2,0,0,35,5500
2025-12-05 17:16:45,2030,2999,2051,1658,3427,65535,65534,65388,225,26,65486,351,65161,143,4,0,0,190,1,0,243,9997,9997,9997,0,0,2,0,0,35,5500
2025-12-05 17:16:58,2202,3376,2302,1767,3231,26,65535,65237,237,60,65518,405,65130,144,4,0,0,190,1,0,234,9997,9997,9997,0,0,2,0,0,35,5500
2025-12-05 17:17:09,2105,3114,2675,1752,3251,65535,65533,65386,268,65533,65491,451,65054,145,4,0,0,190,1,0,234,9997,9997,9997,0,0,2,0,0,35,5500
2025-12-05 17:17:21,2171,3204,2613,1773,3454,65535,65221,65430,272,65529,65389,404,65047,146,4,0,0,190,1,0,237,9997,9997,1500,0,0,2,0,0,35,5500
2025-12-05 17:17:32,2173,3319,2753,1826,3497,2,0,65397,268,65524,65402,415,65026,148,4,0,0,190,1,0,238,9997,9997,9997,0,0,2,0,0,35,5500
2025-12-05 17:17:44,1993,2974,2765,1583,3209,65534,65532,65215,246,10,65379,416,65045,149,4,0,0,190,1,0,238,9997,9997,9997,0,0,2,0,0,35,5500
2025-12-05 17:17:55,2155,3317,2962,1756,3585,9,65532,65416,228,18,65488,419,65110,150,4,0,0,190,1,0,234,9997,1012,1500,0,0,2,0,0,35,5500
2025-12-05 17:18:06,2148,3251,2645,1814,3431,6,65489,65403,233,2,65379,392,65121,151,5,0,0,190,1,0,238,9997,1500,837,0,0,2,0,0,35,5500
2025-12-05 17:18:17,2054,3003,3076,1713,3130,29,65510,65421,192,87,65514,337,65225,152,5,0,0,190,1,0,236,9997,9997,9997,0,0,2,0,0,35,5500
2025-12-05 17:18:28,2192,3391,3071,1807,3105,26,65514,65375,212,72,65467,393,65168,153,5,0,0,190,1,0,233,9997,9997,9997,0,0,2,0,0,35,5500
2025-12-05 17:18:39,2091,3052,2777,1760,3195,24,207,65416,192,48,65516,383,65177,154,5,0,0,190,1,0,239,9997,9997,9997,0,0,2,0,0,35,5500
2025-12-05 17:18:51,2028,2993,2791,1628,3183,34,65264,65412,193,82,65460,360,65218,155,5,0,0,190,1,0,237,9997,9997,9997,0,0,2,0,0,35,5500
2025-12-05 17:19:02,2128,3280,2934,1731,3469,0,65533,65441,219,65526,65467,352,65134,156,5,0,0,190,1,0,238,9997,9997,9997,0,0,2,0,0,35,5500
2025-12-05 17:19:13,2017,3016,2677,1604,3343,87,65533,65425,161,60,65502,317,65246,157,5,0,0,190,1,0,239,244,9997,9997,0,0,2,0,0,35,5500
2025-12-05 17:19:24,2012,2983,2781,1620,3195,65533,65534,65418,237,65499,65484,324,65152,157,5,0,0,190,1,0,239,9997,9997,9997,0,0,2,0,0,35,5500
2025-12-05 17:19:35,2246,3423,2814,1841,3667,25,1,65420,194,67,65509,321,65249,158,5,0,0,190,1,0,240,9997,9997,9997,0,0,2,0,0,35,5500
2025-12-05 17:19:45,2215,3356,2909,1826,3171,22,65533,65429,176,78,65486,317,65254,159,5,0,0,190,1,0,239,9997,9997,9997,0,0,2,0,0,35,5500
2025-12-05 17:19:56,1996,2985,2687,1587,3163,28,65533,65424,173,79,65471,283,65284,160,5,0,0,190,1,0,238,9997,9997,9997,0,0,2,0,0,35,5500
2025-12-05 17:20:09,2025,2988,2312,1672,3216,64708,65533,65448,196,9,65510,256,65257,160,6,0,0,190,1,0,242,9997,9997,9997,0,0,2,0,0,35,5000
2025-12-05 17:20:20,1995,2983,639,1588,3303,65530,65533,65534,20,65529,65530,0,65505,161,6,0,0,190,1,0,240,244,9997,9997,0,0,1,0,0,35,5000
2025-12-05 17:20:32,1994,2986,647,1588,3002,65532,65533,65535,18,65529,65530,0,65505,161,6,0,0,190,1,0,240,244,9997,9997,0,0,1,0,0,35,5000
2025-12-05 17:20:43,1994,2987,617,1589,3002,65531,65532,65534,19,65528,65531,0,65506,161,6,0,0,190,1,0,239,244,9997,9997,0,0,1,0,0,35,5000
2025-12-05 17:20:55,1995,2985,619,1589,3003,65532,65533,65535,18,65528,65530,0,65506,161,6,0,0,190,1,0,239,242,9997,9997,0,0,1,0,0,35,5000
2025-12-05 17:21:05,1995,2978,616,1589,3002,65533,0,65535,20,65529,65530,0,65506,161,6,0,0,190,1,0,239,242,9997,9997,0,0,1,0,0,35,5000
2025-12-05 17:21:16,1994,2981,575,1590,3003,65530,0,65534,18,65529,65530,0,65506,161,6,0,0,190,1,0,239,242,9997,9997,0,0,1,0,0,35,5000
2025-12-05 17:21:25,1993,2981,536,1589,3003,65532,65533,65534,19,65529,65529,0,65506,161,6,0,0,190,1,0,240,242,9997,9997,0,0,1,0,0,35,5000
2025-12-05 17:21:36,1995,2983,654,1590,3002,65533,65535,65534,21,65529,65531,0,65506,161,6,0,0,190,1,0,239,241,9997,9997,0,0,1,0,0,35,5000
2025-12-05 17:21:47,1995,2986,670,1591,3003,65531,65533,65534,19,65528,65530,0,65505,161,6,0,0,190,1,0,239,242,9997,9997,0,0,1,0,0,35,5000
2025-12-05 17:21:57,1995,2979,613,1591,3003,65531,65534,65535,18,65527,65531,0,65506,161,6,0,0,190,1,0,239,242,9997,9997,0,0,1,0,0,35,5000
2025-12-05 17:22:15,1995,2979,616,1591,3002,65532,65534,65534,19,65527,65531,0,65506,0,0,0,0,190,1,0,239,241,9997,9997,0,0,1,0,0,35,0
2025-12-05 17:22:25,1995,2983,615,1591,3003,65532,65533,65534,20,65526,65529,0,65506,0,0,0,0,190,1,0,239,241,9997,9997,0,0,1,0,0,35,4500
2025-12-05 17:22:36,2018,2999,952,1623,3271,65531,65524,65429,65,65529,65517,122,65405,0,0,0,0,190,1,0,241,9997,9997,9997,0,0,2,0,0,35,4500
2025-12-05 17:22:49,2189,3381,1219,1774,3451,0,65313,65423,95,65526,65388,133,65392,0,0,0,0,190,1,0,239,9997,9997,9997,0,0,2,0,0,35,4500
2025-12-05 17:22:59,2254,3456,1470,1805,3601,110,65533,65435,81,7,65381,158,65372,0,0,0,0,190,1,0,233,131,1500,9997,0,0,2,0,0,35,4500
2025-12-05 17:23:09,2272,3496,1452,1899,3661,15,65532,65449,58,63,65405,159,65368,1,0,0,0,190,1,0,239,668,9997,9997,0,0,2,0,0,35,4500
2025-12-05 17:23:20,2025,3002,1345,1654,3218,26,65533,65410,46,44,65522,155,65398,1,0,0,0,190,1,0,239,9997,9997,9997,0,0,2,0,0,35,4500
2025-12-05 17:23:31,2044,2985,1926,1667,3210,28,65534,65315,145,57,65427,248,65282,2,0,0,0,190,1,0,234,9997,9997,9997,0,0,2,0,0,35,4500
2025-12-05 17:23:41,2038,3000,2801,1640,3219,25,65535,65420,189,62,65527,371,65202,2,0,0,0,190,1,0,238,9997,9997,9997,0,0,2,0,0,35,4500
2025-12-05 17:23:53,2051,3003,2815,1660,3202,29,65533,65407,210,61,65527,381,65194,3,0,0,0,190,1,0,240,241,244,9997,0,0,2,0,0,35,4500
2025-12-05 17:24:03,2012,2997,2573,1609,3198,27,65533,65398,195,66,65483,349,65221,4,0,0,0,190,1,0,240,242,9997,9997,0,0,2,0,0,35,4500
2025-12-05 17:24:15,2071,3013,2856,1719,3231,18,65532,65405,208,112,65526,396,65191,5,1,0,0,190,1,0,235,9997,9997,9997,0,0,2,0,0,35,4500
2025-12-05 17:24:26,2037,3007,2719,1640,3193,37,65535,65278,209,90,65482,399,65210,6,1,0,0,190,1,0,239,9997,9997,9997,0,0,2,0,0,35,4500
2025-12-05 17:24:37,2050,2998,2770,1628,3200,32,65533,65398,220,50,65482,396,65169,7,1,0,0,190,1,0,236,9997,9997,9997,0,0,2,0,0,35,4500
2025-12-05 17:24:49,2050,2997,2663,1674,3184,35,65533,65384,246,122,65528,422,65132,8,1,0,0,190,1,0,241,9997,515,9997,0,0,2,0,0,35,4500
2025-12-05 17:24:59,2090,3050,2730,1739,3222,30,65311,65387,233,78,65443,437,65148,9,2,0,0,190,1,0,242,9997,244,9997,0,0,2,0,0,35,4500
2025-12-05 17:25:10,2057,3032,2139,1650,3214,35,0,65387,196,81,65434,363,65222,10,2,0,0,190,1,0,239,9997,9997,9997,0,0,2,0,0,35,4500
2025-12-05 17:25:19,2069,3072,2446,1678,3329,39,65358,65384,212,105,65444,379,65186,11,2,0,0,190,1,0,240,242,9997,9997,0,0,2,0,0,35,4500
2025-12-05 17:25:29,2055,3079,836,1639,3280,65533,65533,65534,16,65528,65530,1,65512,11,2,0,0,190,1,0,241,244,9997,9997,0,0,1,0,0,35,4500
2025-12-05 17:25:38,1995,2986,547,1590,3003,65530,65533,65534,19,65526,65531,0,65505,11,2,0,0,190,1,0,240,244,9997,9997,0,0,1,0,0,35,4500
2025-12-05 17:25:48,1995,2982,615,1590,3002,65527,0,65534,19,65525,65530,0,65506,11,2,0,0,190,1,0,240,242,9997,9997,0,0,1,0,0,35,4500
2025-12-05 17:25:58,1995,2985,616,1589,3003,65530,65534,65533,20,65526,65531,0,65505,11,2,0,0,190,1,0,241,242,9997,9997,0,0,1,0,0,35,4500
2025-12-05 17:26:07,1995,2983,728,1590,3002,65531,65535,65534,16,65525,65530,0,65506,11,2,0,0,190,1,0,241,241,9997,9997,0,0,1,0,0,35,4500
2025-12-05 17:26:18,1995,2978,617,1590,3003,65530,65533,65534,19,65525,65531,0,65506,11,2,0,0,190,1,0,241,242,9997,9997,0,0,1,0,0,35,4500
2025-12-05 17:26:28,1995,2981,514,1591,3002,65530,65533,65534,19,65526,65530,0,65506,11,2,0,0,190,1,0,240,242,9997,9997,0,0,2,0,0,35,4500
2025-12-05 17:26:38,2041,3053,804,1633,3197,28,65533,65534,65519,58,65525,1,25,11,2,0,0,190,1,0,240,241,9997,9997,0,0,2,0,0,35,4500
2025-12-05 17:26:47,2118,3245,953,1697,3441,45,65531,65510,65497,99,65503,9,62,11,2,0,0,190,1,0,241,9997,9997,9997,0,0,1,0,0,35,4500
2025-12-05 17:26:58,1995,2981,610,1591,3158,65526,65533,65535,21,65526,65530,0,65505,11,2,0,0,190,1,0,242,9997,9997,9997,0,0,2,0,0,35,4500
2025-12-05 17:27:07,2026,3028,667,1615,3210,30,65533,65534,65520,56,65526,2,26,11,2,0,0,190,1,0,242,9997,9997,9997,0,0,2,0,0,35,4500
2025-12-05 17:27:17,2128,3265,993,1703,3480,47,65534,65527,65500,101,65517,10,95,11,3,0,0,190,1,0,241,242,9997,9997,0,0,1,0,0,35,4500
2025-12-05 17:27:26,1995,2984,616,1592,3051,65530,65533,65534,19,65526,65530,0,65506,11,3,0,0,190,1,0,239,242,9997,9997,0,0,2,0,0,35,4500
2025-12-05 17:27:35,2084,3155,910,1672,3343,42,0,65524,65508,80,65498,8,58,11,3,0,0,190,1,0,240,242,9997,9997,0,0,2,0,0,35,4500
2025-12-05 17:27:45,2092,3170,864,1684,3399,44,65534,65528,65504,90,65530,17,63,11,3,0,0,190,1,0,241,242,9997,9997,0,0,1,0,0,35,4500
2025-12-05 17:27:54,1995,2985,617,1592,3003,65535,65533,65535,21,65526,65530,0,65506,11,3,0,0,190,1,0,241,241,9997,9997,0,0,1,0,0,35,4500
2025-12-05 17:28:05,1995,2977,616,1592,3003,65530,65534,65534,21,65526,65530,0,65506,11,3,0,0,190,1,0,241,241,9997,9997,0,0,1,0,0,35,4500
2025-12-05 17:28:15,1995,2983,616,1591,3002,65530,65533,65534,21,65525,65530,0,65506,11,3,0,0,190,1,0,241,241,9997,9997,0,0,1,0,0,35,4500
2025-12-05 17:28:26,1994,2981,616,1591,3002,65527,65533,65534,20,65524,65531,0,65506,11,3,0,0,190,1,0,241,241,9997,9997,0,0,1,0,0,35,4500
2025-12-05 17:28:38,1995,2986,660,1592,3002,65529,65535,65534,20,65526,65530,0,65506,11,3,0,0,190,1,0,240,241,9997,9997,0,0,1,0,0,35,4500
2025-12-05 17:28:50,1995,2983,513,1592,3003,65528,65533,65534,19,65524,65530,0,65506,11,3,0,0,190,1,0,240,241,9997,9997,0,0,1,0,0,35,4500
2025-12-05 17:29:01,1995,2979,616,1592,3003,65529,65534,65534,19,65525,65530,0,65506,11,3,0,0,190,1,0,239,239,9997,9997,0,0,1,0,0,35,4500
2025-12-05 17:29:13,1995,2985,615,1592,3002,65527,65533,65534,19,65525,65530,0,65507,11,3,0,0,190,1,0,239,241,9997,9997,0,0,1,0,0,35,4500
2025-12-05 17:29:25,1995,2977,587,1592,3003,65529,65533,65534,20,65526,65531,0,65506,11,3,0,0,190,1,0,239,239,9997,9997,0,0,1,0,0,35,4500
2025-12-05 17:29:37,1995,2987,617,1591,3002,65530,65535,65534,19,65526,65530,0,65506,11,3,0,0,190,1,0,239,239,9997,9997,0,0,1,0,0,35,4500
2025-12-05 17:29:48,1995,2979,620,1592,3002,65531,65533,65534,22,65525,65530,0,65506,11,3,0,0,190,1,0,239,237,9997,9997,0,0,1,0,0,35,4500
2025-12-05 17:30:00,1995,2983,472,1591,3003,65532,65533,65535,19,65525,65530,0,65506,11,3,0,0,190,1,0,239,239,9997,9997,0,0,1,0,0,35,4500
2025-12-05 17:30:12,1995,2981,618,1592,3003,65530,65534,65534,19,65526,65530,0,65506,11,3,0,0,190,1,0,239,239,9997,9997,0,0,1,0,0,35,4500
2025-12-05 17:30:24,1995,2977,611,1593,3002,65529,65535,65534,22,65525,65530,0,65506,11,3,0,0,190,1,0,238,239,9997,9997,0,0,1,0,0,35,4500
2025-12-05 17:30:35,1995,2982,589,1592,3003,65531,65533,65534,22,65525,65530,0,65506,11,3,0,0,190,1,0,239,239,9997,9997,0,0,1,0,0,35,4500
2025-12-05 17:30:47,1996,2986,617,1593,3002,65532,65533,65534,20,65525,65530,0,65506,11,3,0,0,190,1,0,239,239,9997,9997,0,0,1,0,0,35,4500
2025-12-05 17:30:59,1995,2984,582,1593,3002,65530,65533,65534,22,65524,65530,0,65506,11,3,0,0,190,1,0,239,239,9997,9997,0,0,1,0,0,35,4500
2025-12-05 17:31:10,1995,2986,629,1593,3002,65530,0,65534,19,65524,65530,0,65506,11,3,0,0,190,1,0,238,239,9997,9997,0,0,1,0,0,35,4500
2025-12-05 17:31:21,1995,2981,617,1593,3002,65531,65533,65535,19,65524,65530,0,65506,11,3,0,0,190,1,0,239,239,9997,9997,0,0,1,0,0,35,4500
2025-12-05 17:31:32,1995,2985,618,1592,3003,65530,65533,65535,21,65525,65530,0,65506,11,3,0,0,190,1,0,238,239,9997,9997,0,0,1,0,0,35,4500
2025-12-05 17:31:44,1995,2978,629,1592,3002,65523,65533,65534,19,65525,65530,0,65506,11,3,0,0,190,1,0,238,237,9997,9997,0,0,1,0,0,35,4500
2025-12-05 17:31:56,1995,2985,568,1592,3002,65531,65533,65534,20,65526,65531,0,65506,11,3,0,0,190,1,0,237,237,9997,9997,0,0,1,0,0,35,4500
2025-12-05 17:32:07,1995,2986,600,1593,3002,65532,65532,65534,19,65526,65531,0,65506,11,3,0,0,190,1,0,237,237,9997,9997,0,0,1,0,0,35,4500
2025-12-05 17:32:18,1995,2979,617,1593,3002,65530,65533,65535,17,65524,65531,0,65506,11,3,0,0,190,1,0,238,237,9997,9997,0,0,1,0,0,35,4500
2025-12-05 17:32:29,1995,2983,628,1593,3003,65530,65533,65534,20,65525,65530,0,65506,11,3,0,0,190,1,0,237,237,9997,9997,0,0,1,0,0,35,4500
2025-12-05 17:32:41,1995,2985,640,1593,3003,65530,0,65534,19,65525,65530,0,65506,11,3,0,0,190,1,0,237,237,9997,9997,0,0,1,0,0,35,4500
2025-12-05 17:32:52,1995,2977,671,1593,3003,65531,65535,65534,21,65525,65530,0,65506,11,3,0,0,190,1,0,237,237,9997,9997,0,0,1,0,0,35,4500
2025-12-05 17:33:03,1995,2982,616,1593,3002,65531,65533,65533,19,65526,65530,0,65506,11,3,0,0,190,1,0,237,237,9997,9997,0,0,1,0,0,35,4500
2025-12-05 17:33:15,1995,2985,618,1593,3003,65530,65533,65535,18,65526,65530,0,65506,11,3,0,0,190,1,0,237,235,9997,9997,0,0,1,0,0,35,4500
2025-12-05 17:33:26,1995,2979,624,1593,3003,65530,65533,65534,20,65525,65530,0,65506,11,3,0,0,190,1,0,237,237,9997,9997,0,0,1,0,0,35,4500
2025-12-05 17:33:38,1995,2984,617,1593,3003,65527,65533,65534,19,65525,65530,0,65506,11,3,0,0,190,1,0,237,235,9997,9997,0,0,1,0,0,35,4500
2025-12-05 17:33:50,1885,2978,616,1593,3002,65530,65533,65533,21,65527,65530,0,65506,11,3,0,0,190,1,0,237,237,9997,9997,0,0,1,0,0,35,4500
2025-12-05 17:34:01,625,2986,618,1593,3002,65530,65533,65534,17,65533,65529,0,65506,11,3,0,0,190,1,0,236,235,9997,9997,0,0,1,0,0,35,4500
2025-12-05 17:34:11,224,2984,645,1593,3002,65530,65535,65534,19,0,65530,0,65506,11,3,0,0,190,1,0,237,235,9997,9997,0,0,1,0,0,35,4500
2025-12-05 17:34:23,121,2980,626,1593,3002,65530,65533,65533,19,0,65529,0,65506,11,3,0,0,190,1,0,237,235,9997,9997,0,0,1,0,0,35,4500
2025-12-05 17:34:34,121,2979,618,1593,3002,65530,0,65535,16,0,65530,0,65506,11,3,0,0,190,1,0,236,235,9997,9997,0,0,1,0,0,35,4500
2025-12-05 17:34:45,121,2986,618,1592,3003,65530,65533,65534,19,0,65529,0,65506,11,3,0,0,190,1,0,236,235,9997,9997,0,0,1,0,0,35,4500
2025-12-05 17:34:56,121,2983,545,1592,3002,65526,65533,65534,18,0,65529,0,65507,11,3,0,0,190,1,0,237,235,9997,9997,0,0,1,0,0,35,4500
2025-12-05 17:35:06,121,2983,622,1593,3002,65526,65535,65534,19,0,65530,0,65506,11,3,0,0,190,1,0,237,235,9997,9997,0,0,1,0,0,35,4500
2025-12-05 17:35:17,121,2986,618,1593,3003,65529,65533,65535,22,0,65530,0,65506,11,3,0,0,190,1,0,237,235,9997,9997,0,0,1,0,0,35,4500
2025-12-05 17:35:28,121,2985,469,1593,3003,65530,65534,65535,19,0,65530,0,65506,11,3,0,0,190,1,0,237,235,9997,9997,0,0,1,0,0,35,4500
2025-12-05 17:35:45,121,2977,576,90,3002,65531,65533,65535,19,0,65530,0,65535,11,3,0,0,0,0,0,236,235,9997,9997,0,0,0,1,0,35,0
2025-12-05 17:35:57,121,2979,631,89,3002,65533,65533,65535,19,0,65530,0,65535,0,0,0,0,0,0,0,235,235,9997,9997,0,0,0,1,0,35,0
2025-12-05 17:36:09,121,2986,624,89,3003,65534,65533,65534,20,0,65530,0,65535,0,0,0,0,0,0,0,236,235,9997,9997,0,0,0,0,0,35,0
2025-12-05 17:36:21,121,2986,618,90,3002,65535,65533,65534,21,0,65529,0,65535,0,0,0,0,190,0,0,236,235,9997,9997,0,0,0,0,0,35,0
2025-12-05 17:36:32,121,2978,646,1592,3003,65532,0,65534,19,0,65530,0,65506,0,0,0,0,190,1,0,235,233,9997,9997,0,0,0,0,0,35,0
2025-12-05 17:36:42,341,2980,619,1621,3266,65529,65533,65534,27,0,65530,6,65482,0,0,0,0,190,1,0,235,9997,9997,9997,0,0,0,0,0,35,0
2025-12-05 17:36:53,325,2978,683,1616,3178,65530,65534,65535,24,0,65528,1,65499,0,0,0,0,190,1,0,235,9997,9997,9997,0,0,0,0,0,35,0
2025-12-05 17:37:05,323,2979,652,1612,3180,65535,65533,65487,25,0,65523,2,65499,0,0,0,0,190,1,0,234,235,9997,9997,0,0,0,0,0,35,0
2025-12-05 17:37:17,121,2984,619,1593,3002,65532,65533,65535,19,0,65530,0,65506,0,0,0,0,190,1,0,234,235,9997,9997,0,0,0,0,0,35,0
2025-12-05 17:37:28,116,2981,616,1593,3002,65533,65533,65534,19,0,65530,0,65506,0,0,0,0,190,1,0,234,235,9997,9997,0,0,0,0,0,35,0
2025-12-05 17:37:39,250,2980,620,1593,3002,65533,65533,65535,20,65532,65530,0,65506,0,0,0,0,190,1,0,235,9997,9997,9997,0,0,0,0,0,35,0
2025-12-05 17:37:51,2221,3330,1050,1752,3623,2,0,65533,23,65516,65468,10,65503,0,0,0,0,190,1,0,234,237,9997,9997,0,0,0,0,0,35,0
2025-12-05 17:38:03,2008,2990,692,1595,3192,29,0,65535,65525,62,65515,1,22,0,0,0,0,190,1,0,235,235,9997,9997,0,0,0,0,0,35,0
2025-12-05 17:38:14,2025,3010,693,1609,3219,33,65535,65534,65514,66,65529,6,79,0,0,0,0,190,1,0,236,237,9997,9997,0,0,0,0,0,35,0
2025-12-05 17:38:25,2064,3107,862,1696,3283,39,0,65534,65506,88,65425,6,44,0,0,0,0,190,1,0,234,235,9997,9997,0,0,0,0,0,35,0
2025-12-05 17:38:36,1853,2302,942,1722,2225,475,65533,65530,65159,784,65487,5,680,0,1,0,0,190,1,0,236,9997,9997,9997,0,0,0,0,0,35,0
2025-12-05 17:38:47,1743,852,945,1760,2127,488,65533,65534,65081,874,65529,12,774,0,3,0,2,190,1,0,234,9997,9997,1500,0,0,0,0,0,35,0
2025-12-05 17:38:58,1868,839,865,1748,2119,415,65533,65534,65124,901,0,9,863,0,5,0,4,190,1,0,234,9997,9997,9997,0,0,0,0,0,35,0
2025-12-05 17:39:10,1961,828,966,1756,2175,423,65531,65534,65097,1005,65522,8,954,0,8,0,6,190,1,0,226,9997,9997,9997,0,0,0,0,0,35,0
2025-12-05 17:39:21,2174,910,986,1798,2344,401,65530,65534,65069,842,3,5,837,0,10,0,9,190,1,0,235,9997,9997,9997,0,0,0,0,0,35,0
2025-12-05 17:39:32,2155,916,1014,1731,2361,383,65533,65520,65072,819,65514,5,821,0,12,0,10,190,1,0,235,9997,9997,9997,0,0,0,0,0,35,0
2025-12-05 17:39:43,2140,918,1011,1763,2351,248,65533,65535,65248,525,65516,5,495,0,13,0,11,190,1,0,234,9997,9997,9997,0,0,0,0,0,35,0
2025-12-05 17:39:55,2154,910,1013,1737,2323,37,65532,65503,65510,84,299,7,332,0,14,0,12,190,1,0,234,9997,9997,9997,0,0,0,0,0,35,0
2025-12-05 17:40:05,2218,3392,1093,1777,3545,8,65534,65533,19,65476,65392,12,65511,0,14,0,12,190,1,0,229,9997,9997,9997,0,0,0,0,0,35,0
2025-12-05 17:40:16,2222,3385,1145,1770,3607,14,65518,62,0,44,65529,15,65525,0,14,0,12,190,1,0,233,237,9997,9997,0,0,0,0,0,35,0
2025-12-05 17:40:27,2072,3042,742,1654,3229,21,65532,65412,65523,88,65471,7,35,0,14,0,12,190,1,0,233,9997,9997,9997,0,0,0,0,0,35,0
2025-12-05 17:40:38,1906,865,991,1724,2108,414,65526,65524,65137,960,65531,11,896,0,16,0,15,190,1,0,235,9997,9997,9997,0,0,0,0,0,35,0
2025-12-05 17:40:50,2138,918,1045,1737,2331,52,65533,65443,65483,104,65518,12,139,0,17,0,15,190,1,0,236,9997,9997,9997,0,0,0,0,0,35,0
2025-12-05 17:41:01,2153,929,977,1727,2349,32,65533,65534,65513,60,65521,8,41,0,18,0,16,190,1,0,235,9997,9997,9997,0,0,0,0,0,35,0
2025-12-05 17:41:12,2145,937,945,1745,2335,41,65530,65535,65505,90,65514,2,56,0,18,0,16,190,1,0,235,241,9997,9997,0,0,0,0,0,35,0
2025-12-05 17:41:23,1994,84,619,1601,2241,15,65533,65535,0,24,65534,12,65523,0,18,0,16,190,1,0,235,9997,9997,9997,0,0,0,0,0,35,0
2025-12-05 17:41:33,2151,930,1002,1729,2349,86,65534,65356,65447,185,65533,9,187,0,19,0,17,190,1,0,232,9997,9997,9997,0,0,0,0,0,35,0
2025-12-05 17:41:44,2195,915,916,1739,2341,31,65533,65463,65487,66,65510,14,56,0,19,0,17,190,1,0,232,9997,9997,9997,0,0,0,0,0,35,0
2025-12-05 17:41:55,2165,938,989,1747,2365,385,65533,65518,65066,864,65528,10,829,0,20,0,18,190,1,0,230,9997,9997,9997,0,0,0,0,0,35,0
2025-12-05 17:42:07,2164,911,1013,1742,2354,67,65533,65418,65433,143,65532,17,158,0,21,0,19,190,1,0,235,9997,9997,9997,0,0,0,0,0,35,0
2025-12-05 17:42:19,2175,932,1016,1741,2387,65,65533,65534,65467,189,65521,14,139,0,21,0,19,190,1,0,236,9997,9997,9997,0,0,0,0,0,35,0
2025-12-05 17:42:31,2093,896,976,1768,2268,457,65534,65535,65051,1039,65532,7,1025,0,24,0,22,190,1,0,236,9997,9997,9997,0,0,0,0,0,35,0
2025-12-05 17:42:42,2153,928,995,1758,2337,108,65533,65446,65420,249,65516,9,193,0,25,0,22,190,1,0,233,9997,9997,9997,0,0,0,0,0,35,0
2025-12-05 17:42:53,2157,945,1018,1743,2356,46,65533,65534,65497,98,65534,10,120,0,25,0,23,190,1,0,232,9997,9997,9997,0,0,0,0,0,35,0
2025-12-05 17:43:05,2048,881,988,1747,2258,563,65534,65534,64824,1052,65530,9,1008,0,27,0,24,190,1,0,232,9997,9997,9997,0,0,0,0,0,35,0
2025-12-05 17:43:16,2151,912,1020,1781,2339,54,65533,65535,65486,122,65513,5,93,0,27,0,25,190,1,0,229,9997,9997,9997,0,0,0,0,0,35,0
2025-12-05 17:43:26,2138,945,991,1735,2340,98,65533,65528,65432,215,65532,13,218,0,28,0,25,190,1,0,237,9997,9997,9997,0,0,0,0,0,35,0
2025-12-05 17:43:37,2144,915,1021,1767,2339,22,65533,65535,65525,62,65526,10,21,0,28,0,25,190,1,0,237,9997,9997,9997,0,0,0,0,0,35,0
2025-12-05 17:43:48,2149,952,1010,1738,2353,79,65528,31,65458,187,65509,15,127,0,29,0,26,190,1,0,228,9997,9997,9997,0,0,0,0,0,35,0
2025-12-05 17:43:58,2156,914,1003,1740,2340,427,65532,65535,65521,53,65522,14,78,0,29,0,26,190,1,0,237,9997,9997,9997,0,0,0,0,0,35,0
2025-12-05 17:44:08,2147,959,1051,1741,2346,45,65530,65534,65501,101,65511,9,63,0,29,0,26,190,1,0,237,9997,9997,9997,0,0,0,0,0,35,0
2025-12-05 17:44:19,2136,915,1020,1764,2357,28,65533,65525,65519,72,65510,11,98,0,29,0,26,190,1,0,237,9997,9997,9997,0,0,0,0,0,35,0
2025-12-05 17:44:30,2151,945,957,1745,2338,17,65533,65534,65507,68,65518,8,69,0,29,0,26,190,1,0,237,9997,9997,9997,0,0,0,0,0,35,0
2025-12-05 17:44:40,2181,946,1005,1734,2370,128,65376,65488,65394,297,65524,11,250,0,30,0,27,190,1,0,233,9997,9997,9997,0,0,0,0,0,35,0
2025-12-05 17:44:51,2156,915,1013,1759,2326,380,65507,65517,65083,812,65520,9,788,0,32,0,29,190,1,0,237,9997,9997,9997,0,0,0,0,0,35,0
2025-12-05 17:45:02,2144,971,954,1732,2400,99,65533,65416,65034,242,65495,9,229,0,32,0,29,190,1,0,236,9997,9997,9997,0,0,0,0,0,35,0
2025-12-05 17:45:13,2162,953,987,1729,2329,52,65535,65530,65486,133,65500,9,112,1,33,0,30,190,1,0,237,9997,9997,9997,0,0,0,0,0,35,0
2025-12-05 17:45:24,2155,923,932,1776,2362,49,65533,65534,65492,123,65519,10,89,1,33,0,30,190,1,0,237,9997,9997,9997,0,0,0,0,0,35,0
2025-12-05 17:45:36,2158,925,995,1739,2344,148,65533,65374,65378,320,65527,10,306,1,34,0,31,190,1,0,233,9997,9997,9997,0,0,0,0,0,35,0
2025-12-05 17:45:47,2091,907,985,1760,2317,401,65533,65534,65087,945,65525,13,929,1,36,0,33,190,1,0,236,9997,9997,9997,0,0,0,0,0,35,0
2025-12-05 17:45:58,2144,927,1019,1768,2352,135,65532,65535,65389,297,65527,14,296,1,37,0,34,190,1,0,234,9997,9997,9997,0,0,0,0,0,35,0
2025-12-05 17:46:08,2150,924,1052,1753,2348,107,65533,65535,65424,211,65522,9,212,1,38,0,34,190,1,0,235,9997,9997,9997,0,0,0,0,0,35,0
2025-12-05 17:46:18,2150,935,1036,1745,2341,106,65533,65534,65427,224,65534,12,197,1,38,0,35,190,1,0,238,9997,9997,9997,0,0,0,0,0,35,0
2025-12-05 17:46:29,2164,922,981,1733,2355,94,65533,65535,65441,197,65524,9,196,1,39,0,35,190,1,0,234,9997,9997,9997,0,0,0,0,0,35,0
2025-12-05 17:46:39,2147,948,1049,1739,2378,140,65532,65535,65383,316,65519,15,290,1,39,0,36,190,1,0,239,9997,9997,9997,0,0,0,0,0,35,0
2025-12-05 17:46:50,2159,918,1008,1741,2337,228,65533,65526,65274,476,65516,2,478,1,40,0,37,190,1,0,239,9997,9997,9997,0,0,0,0,0,35,0
2025-12-05 17:47:01,2172,916,1004,1752,2337,76,65533,65530,65461,169,65498,8,143,1,41,0,37,190,1,0,235,9997,9997,9997,0,0,0,0,0,35,0
